Version,Purchase_Amount
A,57.450712295168486
A,47.92603548243223
A,59.715328071510385
A,72.84544784612038
A,46.48769937914996
A,46.487945645762295
A,73.68819223261087
A,61.51152093729363
A,42.95788421097572
A,58.13840065378947
A,43.04873460781307
A,43.01405369644615
A,53.629434073490515
A,21.300796330133032
A,24.126232512304508
A,41.56568706138541
A,34.80753319498364
A,54.71370998892911
A,36.37963886718184
A,28.815444479970626
A,71.98473153382331
A,46.61335549270196
A,51.012923070318855
A,28.628777206798148
A,41.834259132122256
A,51.663838845647994
A,32.73509633866546
A,55.63547027518508
A,40.99041965121793
A,45.62459375310085
A,40.97440081655905
A,77.78417276763406
A,49.79754162893099
A,34.13433606566149
A,62.338173681547836
A,31.687345250434667
A,53.132953925071334
A,20.604948141803366
A,30.077209266523543
A,52.952918538036855
A,61.07699869993115
A,52.57052421784956
A,48.265275764176394
A,45.48344456616067
A,27.822170144488588
A,39.20233687407937
A,43.09041843560319
A,65.85683339328374
A,55.15427434352692
A,23.55439766955899
A,54.86125954092192
A,44.22376579375525
A,39.84616999541062
A,59.175144332613016
A,65.46499283743927
A,63.96920178674298
A,37.41173715166042
A,45.36181436223178
A,54.96895147105346
A,64.63317690683539
A,42.81238643232065
A,47.215115350042744
A,33.40497538990958
A,32.05690063878994
A,62.18788733591297
A,70.34360042856234
A,48.91984817629499
A,65.05299346838036
A,55.424540375714514
A,40.323203680923136
A,55.42093408262621
A,73.07054849698955
A,49.46260941335073
A,73.4696548372101
A,10.703823438653835
A,62.32853756562836
A,51.30570602357257
A,45.51488974301199
A,51.37641164803254
A,20.186466280986608
A,46.70492168243732
A,55.3566885726762
A,72.16841067112274
A,42.22594672589529
A,37.87259595660218
A,42.47364434623195
A,63.731031765531114
A,54.93126664489527
A,42.05359694349442
A,57.699011496700344
A,51.456163240220604
A,64.52967485799334
A,39.469203591839715
A,45.085067801033475
A,44.118377703017636
A,28.04727577801822
A,54.44180415596864
A,53.91582908269834
A,50.07670184963691
A,46.481192999372794
A,28.769438869243785
A,43.69032015851961
A,44.85928225209846
A,37.96584096167572
A,47.580714325009865
A,56.060762852218076
A,78.29278851815795
A,52.61866719247759
A,53.86325586084146
A,48.883311263507494
A,21.21843177051438
A,49.602291868261744
A,50.9034531491154
A,86.94863168727929
A,47.114585528283165
A,54.523210135004184
A,49.47932345442135
A,32.46982943570702
A,67.14234221772531
A,61.27899549030161
A,61.865479205645705
A,36.35918817807892
A,71.04191466404149
A,28.972234058115788
A,58.80285640700406
A,82.85683438714968
A,35.14195512303968
A,41.50553405595842
A,51.49477047631462
A,42.44786518825701
A,26.74004853400801
A,51.02844462209041
A,34.06544429410843
A,57.10388645952772
A,36.20863648649295
A,73.24901607526309
A,38.251200614956446
A,45.16907725691487
A,62.202758260545046
A,31.53703525349067
A,53.41189901906194
A,69.60714131423643
A,25.88775148158159
A,52.769507877984566
A,53.89824191372635
A,61.72734307665966
A,31.445739336828773
A,30.193150803735854
A,57.829123484253465
A,54.45477009849779
A,53.75739275518815
A,55.19672314245464
A,39.79962917632264
A,53.48380545741505
A,54.39608709948022
A,39.28472872960448
A,77.98661766717134
A,57.10749381367681
A,32.13044754196027
A,59.84830412950745
A,35.379774946590175
A,61.806269056136784
A,67.37893368511106
A,37.68976522472434
A,64.45064193866483
A,56.191713904047475
A,62.33090239991735
A,78.4518947398092
A,46.31917825995694
A,38.693957534637654
A,36.65728355561715
A,37.762845725518424
A,48.843474358788434
A,55.117279622249654
A,54.150361989950284
A,62.40774873554036
A,50.19502837816861
A,71.80301115735975
A,46.03014750143066
A,90.80253749884429
A,59.385010216475095
A,37.14263665375576
A,33.93661252908332
A,57.23708622864778
A,46.64805822011223
A,60.71000741138138
A,57.09856436860317
A,48.90756631014691
A,37.29809422897392
A,27.277291629712032
A,43.302275718994686
A,62.84598191485209
A,53.21140616195306
A,31.31391831932018
A,52.59771388776773
A,55.77976069593255
A,36.74213845698301
A,52.305876589182915
A,50.87313077669
A,32.85544553254066
A,55.36681040522425
A,58.41176789552352
A,66.24576864762915
A,65.80703078052355
A,29.334959480643633
A,35.93262440127316
A,57.7255290081299
A,57.706789263683135
A,57.72571529459072
A,107.79097235982081
A,58.56335766039751
A,67.03348460270898
A,64.31002645239803
A,59.77086876958697
A,45.27096133039482
A,61.38453830739901
A,38.40762178193643
A,46.44772089889987
A,42.71954678256345
A,51.22811209079484
A,84.71987850010262
A,21.99102211112378
A,60.2939028556177
A,25.809261932155223
A,42.9210220131585
A,66.33425895451049
A,50.96420028643194
A,33.83382833106041
A,39.27044436110047
A,60.19396623402014
A,39.04450052424295
A,53.246878843729625
A,50.68357759855721
A,40.22599478591275
A,82.15916133987989
A,59.50878533477017
A,19.622861200135894
A,52.796814721541416
A,40.07320302847418
A,62.78650002194336
A,38.11218892350949
A,48.278953377996515
A,57.57480918470686
A,62.98632791255182
A,31.995553894163358
A,44.98248146238578
A,42.87582033258566
A,40.200061511394324
A,76.48181360421646
A,56.07472566441433
A,31.086740684974323
A,63.767929205821645
A,81.8323429551895
A,65.4869789082672
A,27.2094505106898
A,42.73648890700623
A,69.00366723779933
A,39.38495801571829
A,56.657291422193424
A,61.61951080144005
A,36.09604292632876
A,49.107119659073
A,1.380989898963911
A,34.63418537998565
A,46.2114777291026
A,31.283252270527257
A,74.48616955897452
A,28.54787933059051
A,43.39933269954524
A,51.96110865929137
A,71.61909933599173
A,28.46206773230841
A,67.4474562823244
A,50.1534959152938
A,35.27737023428074
A,56.93155211394906
A,52.98589543360205
A,40.99674684261808
A,51.04703127485028
A,44.220296047073596
A,51.70276017876872
A,59.9319601178157
A,73.79025224218029
A,31.432767517597263
A,81.995500619844
A,20.718683007162472
A,47.72322357446625
A,58.82475809726865
A,54.21487801602549
A,40.659507202691096
A,46.87816624464087
A,42.604985980117505
A,41.15952864583683
A,62.744031455315366
A,55.35523228947571
A,39.60635607109019
A,63.493998131498756
A,54.60949281314914
A,62.1929317825844
A,59.44443262885419
A,37.56507483616892
A,41.597284397045456
A,61.20940407684893
A,59.155553981501974
A,49.68647609053778
A,51.75991074963173
A,69.16497343682637
A,41.12642916746255
A,58.20646071755057
A,46.96711021349159
A,46.73478195159169
A,66.48165277980786
A,62.38124523482045
A,62.20264454000958
A,69.58218210731494
A,50.31505762449139
A,60.22929456942446
A,45.34599865109816
A,54.86249528732663
A,48.047854184484734
A,51.45493947489077
A,58.9273553815537
A,37.726689751497915
A,81.3858091352819
A,34.90973927750447
A,31.78717080818402
A,67.37166310250102
A,61.87494040944404
A,59.36179725578233
A,59.4251826389642
A,49.81629840729628
A,36.54118442771252
A,51.137068372905894
A,39.842574327318324
A,64.62679600126627
A,47.79413927746792
A,37.61754204811233
A,45.1792123752051
A,56.193971814134365
A,41.54413170794038
A,37.666694066503524
A,53.65530817237868
A,53.674498566630845
A,42.39585236943305
A,42.93442541572516
A,53.480749060364545
A,28.27873487754014
A,28.888043384351672
A,39.22333668121346
A,46.798292724322295
A,54.66361348397007
A,72.13034325424329
A,62.86489434803029
A,47.60092205054859
A,49.71475688145967
A,34.96205953043287
A,49.72230296011415
A,45.670120416197925
A,54.84077840507134
A,37.59153584671515
A,57.79019771361759
A,72.99108369503867
A,48.36859777314714
A,56.02567583148412
A,60.352159875666686
A,43.98169292171246
A,53.36138722715625
A,50.18888601172692
A,51.465141478232475
A,38.404853242168
A,50.36765261388414
A,57.46997436868175
A,71.76715411692562
A,64.3890623912781
A,82.29773686267335
A,38.489786556679256
A,63.08480955081017
A,52.75013008607527
A,82.8470439982651
A,37.87552571967273
A,37.40417236728836
A,41.009110318339665
A,18.141564135352898
A,42.113674674788584
A,38.61301007669453
A,52.25590679714311
A,55.12633963665739
A,78.14256258823829
A,64.25635757279075
A,41.346445165063955
A,36.52377992977463
A,57.37878757259759
A,30.196501894690368
A,77.47188148781531
A,67.69160181081931
A,42.962365218429426
A,24.302982063636836
A,70.3080856124812
A,48.28190232121073
A,68.56724467960193
A,26.083585118084493
A,41.00937465569341
A,50.07865549577275
A,50.70470890647113
A,43.249017927811344
A,59.34274898521248
A,33.98569355926108
A,47.8643077246806
A,51.804434475678484
A,57.71658251088124
A,60.674223171333345
A,33.13036862243196
A,26.988287438965667
A,69.16515232847763
A,54.98471017969388
A,38.7727019516517
A,73.26727963283784
A,51.73511951439288
A,67.6894577609574
A,51.01277722115164
A,80.91121887322981
A,76.33011263664807
A,46.2655377728139
A,64.57356426431534
A,59.680639243777215
A,70.52947336298523
A,35.52614809129843
A,60.29077189997659
A,65.87636730274382
A,23.618907703653285
A,32.25112231001337
A,19.411517333598493
A,45.95889748333163
A,60.76313383693943
A,72.53535578144042
A,51.111421706296625
A,74.42923318356938
A,29.29847812677663
A,24.44926340967268
A,49.16678451655072
A,55.76098173408961
A,49.509578778588605
A,18.98836849940185
A,48.66319940730818
A,30.432957492427203
A,60.04508823245058
A,55.498973691452726
A,35.90180320508967
A,42.2919962399496
A,34.11179717166573
A,49.059813540902425
A,64.32713480751858
A,35.21410930496684
A,57.560697732767665
A,42.04613572441339
A,38.10690751606484
A,48.394544600681634
A,34.47136516370939
A,41.69526041979227
A,32.03183161116728
A,79.47087699374583
A,50.52895327957593
A,39.50411738011122
A,53.20969866101333
A,48.31507925463755
A,46.685456007001655
A,59.21250050065138
A,61.36261565070958
A,42.04248278584209
A,41.3627263903298
A,45.874224542725344
A,15.471182528966224
A,27.272134067021717
A,70.50311401166786
A,74.67451570251926
A,46.264459406654325
A,58.648354445836496
A,54.66875231815304
A,96.18321212682856
A,66.79362367151865
A,48.0812361277885
A,35.666893390993614
A,25.90330519613641
A,53.051954538008346
A,38.654738820735446
A,28.666194356034886
A,40.301406736362104
A,33.77677994578407
A,75.30712452608847
A,63.224596354241754
A,49.88041038025074
A,72.19916208335039
A,51.16052461471428
A,37.08073698007605
A,72.84686115904486
A,58.08365065526988
A,34.441307685103155
A,47.14491982874588
A,36.86572619922865
A,29.25800403553496
A,63.892663212974625
A,78.64124960705196
A,29.02148639271288
A,58.444538550358565
A,40.2403614631726
A,42.69311924352956
A,41.11409113641696
A,37.04013845480276
A,50.72782441917241
A,37.535748253834434
A,54.056852386697585
A,49.246428358262946
A,46.41577929700385
A,36.386545069376034
A,41.34843004147501
A,61.33086838738634
A,57.51375781436571
A,35.33667132802174
A,51.489984581438385
A,61.27080685057683
A,24.958920783179423
A,58.15040288569902
A,40.060643615812296
A,58.55898002889739
A,38.55111265186225
A,22.926768490032213
A,25.586863431752562
A,50.72127419992073
A,53.89583752582223
A,36.43525062343387
A,59.57888688166061
A,25.0771990659656
A,49.00880302029025
A,31.83475700356315
A,40.222458382967616
A,50.71098006974621
A,37.09379952074072
A,44.23166683655262
A,65.0943921382166
A,41.34662195715277
A,62.535381680977125
A,33.05439718013573
A,57.947062668729245
A,71.6235293098685
A,12.925332498090661
A,38.046571167942844
A,58.6560819077081
A,46.95431920935511
A,55.56718810056963
A,40.94022219926269
A,51.2988468120935
A,47.664841469118805
A,67.5167309248971
A,53.816312649518196
A,55.064039931128036
A,43.82184550816299
A,42.6859066389126
A,43.51162718270569
A,55.91678213567445
A,43.68523278769605
A,54.34662285344619
A,81.13101197968157
A,63.06687055147539
A,45.10964701748238
A,68.01820883245918
A,43.87886940467673
A,19.428131972332192
A,34.87870533623894
A,21.938121184612164
A,44.72729773938037
A,50.276275687843274
A,75.14655968412924
A,54.90391060646244
A,46.71349206786704
A,62.441083717752335
A,16.832970364881724
A,53.53421837162849
A,61.562977908304504
A,27.821206313302376
A,67.15631064810394
A,55.07744611241621
A,43.77068129148798
A,59.491727991594274
A,84.06039286706593
A,52.72799382587743
A,53.723308794505044
A,43.109586506896335
A,37.25233445802812
A,62.455037248163684
A,37.15874261136699
A,51.073493558290885
A,42.83513829852325
A,57.18469738619588
A,55.00493157930423
A,65.56309916386849
A,42.349754017178796
A,45.95187597059943
A,35.31854426326539
A,43.33560109885833
A,55.65950739567278
A,61.35482924968028
A,36.167520137335615
A,63.044088801584905
A,70.33456788207427
A,56.20152354835551
A,78.151937188371
A,38.39316201344641
A,31.330179450328746
A,23.31919626643582
A,72.44066467233775
A,59.81548484531086
A,49.16622993634317
A,54.1995293947973
A,33.11766429052435
A,86.68627969425239
A,51.93831772962841
A,51.64092191907339
A,60.88649935848038
A,57.2151384760507
A,53.35826036418697
A,38.142883168320324
A,57.072025357039934
A,78.2303674471255
A,70.18130069232467
A,73.89779939959095
A,42.33176485353222
A,35.15592769612129
A,48.11319619850528
A,50.835873684330416
A,66.41287277706422
A,24.61303055427771
A,72.9432547919092
A,47.629881521315156
A,43.5967839507887
A,34.81843437109749
A,25.17714992201346
A,62.34755875942872
A,51.09976950782606
A,30.650586503884192
A,30.573818419045757
A,44.96322951064808
A,75.0353228793409
A,46.10612972954593
A,27.45285570322841
A,46.313854038710836
A,45.90914645378494
A,9.546700355876425
A,49.18557700223282
A,46.53598204686983
A,60.44309547220128
A,77.73434142418017
A,66.89847544321637
A,45.96666964167754
A,33.40211136887494
A,88.60039704874791
A,50.888276510217324
A,50.20893937869419
A,49.638123693349954
A,52.971271411517826
A,47.834593821140864
A,41.39506989679646
A,41.79711588139412
A,49.50870094676002
A,41.84862843299352
A,39.30731325984253
A,51.596453415378456
A,46.17534173868717
A,72.55989482874033
A,10.235452874104823
A,66.37260277883692
A,68.69127788746444
A,18.89914651387776
A,44.85968608879477
A,44.428387010063126
A,28.887324579232683
A,38.33274968613687
A,33.34136231801257
A,76.28405665135435
A,64.03517589721191
A,69.07332642491238
A,60.82508096064853
A,33.06422343174156
A,42.132196005803394
A,57.34061841841877
A,31.668082866620818
A,60.69497645258582
A,46.39511902762798
A,44.377687886756036
A,60.664399523052374
A,56.6639496722906
A,44.585507512713804
A,67.38994705046372
A,33.78405008600154
A,59.239034104163956
A,58.89651886952576
A,45.35680341029015
A,54.89199533363177
A,31.233296354220457
A,63.860405288103514
A,47.22646795335516
A,42.15915469221441
A,65.73513838755333
A,39.43484464185861
A,28.873080554546604
A,26.650562397141442
A,59.0901492701846
A,30.793559712555755
A,76.32191272976547
A,18.771058881744167
A,75.44684552435058
A,53.16526200803928
A,48.549303321944116
A,41.826213697865754
A,55.987041715281066
A,49.435479463627274
A,66.54952823024783
A,51.7134147299306
A,52.25452642192816
A,44.54581681679216
A,49.14581564418399
A,54.61702653338089
A,24.347474110150618
A,29.777218668414307
A,61.148961410340725
A,52.562981571919124
A,47.24024995470981
A,50.2765089959809
A,55.21372558042506
A,41.90360479535958
A,38.32542911896531
A,52.93767882646522
A,35.32440833577452
A,56.12379133571708
A,24.461245936432395
A,65.43733455988465
A,57.08896223619564
A,53.840446014708135
A,64.74036475918271
A,74.98211666693865
A,65.21555097527195
A,22.386886530025322
A,30.806345498964475
A,40.62772133456482
A,50.3913657531625
A,57.76488530703685
A,39.11384280269802
A,52.80150146715617
A,38.66925601470016
A,40.82723295512078
A,28.900083547276665
A,36.151501308336435
A,29.724730915754996
A,35.36190120534001
A,65.80462694911759
A,35.759016667520854
A,89.48573097256086
A,57.39976851321334
A,52.77254185542311
A,37.1246332972818
A,60.50464819113487
A,41.36543260643339
A,51.83014721968042
A,88.40126807403192
A,48.559101504130254
A,67.23909989428513
A,39.45235362311169
A,49.47517264254557
A,76.56200953453265
A,40.59549413318349
A,77.18672836995393
A,60.616279031832136
A,41.56299836158598
A,59.48611608583281
A,64.58831674440094
A,59.327149433257944
A,26.446629201643155
A,39.09294236262697
A,46.287220466727426
A,48.88349856349931
A,59.31008146326017
A,52.66551501399881
A,29.969834619348482
A,55.70296776508945
A,59.15878617925735
A,58.396856718965594
A,66.21171088331933
A,62.50883231823356
A,56.88770118842655
A,48.94751432812029
A,25.08558599726013
A,56.44427328698879
A,53.115315307446664
A,54.0736825579306
A,30.84877136269536
A,33.784151893876064
A,65.79729279999356
A,49.406672692150174
A,60.22251046058936
A,50.42477564195692
A,50.446342092436176
A,64.07425708963997
A,42.25932907673939
A,51.44181165411475
A,43.06587066942436
A,43.482556588515266
A,45.36241814797041
A,53.33200657450569
A,42.818770675047844
A,68.83634188360281
A,36.580890466707444
A,47.196925337579614
A,43.40403412588738
A,71.704668265306
A,52.94832164767362
A,65.47766809202952
A,27.71659440444542
A,54.00575398803888
A,63.34446193435156
A,51.23425983913136
A,65.98220562598027
A,42.24067324849442
A,71.1402116027837
A,84.48347185428875
A,44.55742159340512
A,43.31746217898842
A,71.80076715676552
A,73.69358218596068
A,42.15709959270097
A,43.69719774356214
A,45.773230867092394
A,29.833242334485846
A,36.220220802737025
A,34.93788849871898
A,38.483036523438074
A,49.47972668919828
A,53.51322098804781
A,73.25750739221115
A,35.024689388918134
A,64.76483597714875
A,46.790167336617365
A,49.25804435521351
A,60.122292382499054
A,33.159169676565526
A,55.736146192760756
A,52.49678312319584
A,57.38676896012224
A,54.33752965861727
A,86.82950209866341
A,40.43390023623026
A,42.035045674972736
A,40.65289210362853
A,41.66784321259618
A,40.439193090402235
A,67.83524796661328
A,71.30756371984782
A,41.438805593757856
A,37.51466640343657
A,57.07123334579606
A,41.716654335785435
A,59.493977266332664
A,53.0438453127695
A,27.263838275041522
A,73.21257801995093
A,76.93816509643283
A,40.80816964273421
A,44.18447660096024
A,54.287980860873574
A,55.01685184980538
A,59.878164090092454
A,80.15306808149525
A,47.34579158758926
A,38.02554133192319
A,29.31021157978209
A,39.036049400871214
A,49.503095406893046
A,76.91836795276681
A,42.235830514457426
A,53.35681927458348
A,49.753656558908716
A,67.82589910172126
A,87.90398638810433
A,42.03696840619519
A,42.658408362226666
A,65.66241315603608
A,60.22837234439467
A,77.7006098860405
A,58.75892277988946
A,44.610618638194104
A,58.85982246038464
A,66.63055370874362
A,62.30723271796046
A,57.609110466609465
A,66.00012034383731
A,67.5394338566851
A,70.7323848655629
A,59.73064831384464
A,47.493228795247184
A,52.20070529649984
A,68.09763449762535
A,37.74596493519146
A,55.53009963309352
A,44.09991781508959
A,50.431172344022265
A,69.17677793910948
A,52.86648602029855
A,50.69654822234223
A,29.60215788530121
A,61.193803490408314
A,59.68226271711613
A,82.4488208495819
A,45.38332647570499
A,53.287254914959085
A,53.74075525566133
A,73.66179919645211
A,48.57056701419572
A,54.185322886555085
A,59.11844764574809
A,52.79913684734537
A,43.30349578174208
A,52.911349893474615
A,66.10447624789659
A,34.602270508834096
A,51.99454511220314
A,39.4981877759124
A,67.92569943387264
A,27.15219642824338
A,41.61617229092617
A,55.658178125967815
A,73.4828604385151
A,49.01374608390518
A,41.67200709960203
A,78.21735604160885
A,28.27979149375634
A,17.017910650698774
A,56.60021675079999
A,42.46918663471083
A,34.681507743039305
A,60.6253467094903
A,53.65701070656798
A,41.538820538949075
A,30.795434019936582
A,63.08685992420217
A,59.753017669379915
A,48.51236204330926
A,77.69955494071499
A,33.94872850510771
A,27.117122436128916
A,39.62137895178133
A,49.31620975466753
A,53.65009173984038
A,46.38145913215505
A,55.28083094771445
A,31.22690863714334
A,71.65646906109889
A,48.76773232411147
A,66.75943747382192
A,55.14088019566556
A,56.85129828730676
A,58.546509203483055
A,56.715628400259725
A,59.64084139801316
A,69.93728795198646
A,52.94781754552205
A,60.63505636382769
A,48.6539645856916
A,71.6017582317421
A,39.85411546911095
A,77.01410649366224
A,49.39763074033485
A,28.538373468229278
A,51.92156622366184
A,39.78422513787679
A,62.60965323483086
A,40.210640310464136
A,43.307248501778304
A,21.656889035817034
A,43.21540521126385
A,13.64181010056565
A,26.24145764771415
A,61.40621984216446
A,61.787002379762484
A,56.38186342677447
A,35.495357853061805
A,49.2843296578703
A,49.945961913641476
A,32.624529662111854
A,72.55097452650726
A,63.16043435863507
A,46.68553739255504
A,50.40328758491796
A,53.125742119213285
A,19.373976973635642
A,46.29233926219105
A,39.77023628003302
A,34.975699851576266
A,45.78349560671067
A,76.96529790274283
A,59.61264291900515
A,41.432315153258045
A,58.58874172034238
B,75.99033154879004
B,68.86950524369153
B,55.89445554880261
B,45.295948334416394
B,65.47334970420386
B,60.90228078132624
B,68.42789830041599
B,64.52757702522955
B,70.74329072979003
B,46.97147182659148
B,74.76091098451488
B,57.96399407038599
B,86.12891308937898
B,44.66218272865648
B,81.03945704747875
B,57.96866175193972
B,45.22872994578327
B,47.741712489185176
B,50.1947903770852
B,61.36248919602875
B,62.84253232053249
B,46.394499940921314
B,54.634681116085254
B,87.13405537917795
B,80.91314755151066
B,61.54485504511048
B,55.570052172523006
B,56.80046990077392
B,64.20276959095625
B,39.658111522023916
B,51.139351938649824
B,29.97123889183616
B,60.98834683907919
B,64.70793909554112
B,47.75220306550939
B,78.6098014493505
B,36.61351505496488
B,33.0343767968527
B,58.36677727839958
B,70.70647453918232
B,80.25891537186803
B,48.1167360569659
B,71.18021250146944
B,54.422372957489394
B,52.41059050088771
B,68.25489906230008
B,64.78484317620129
B,31.354117645236258
B,77.14810524588844
B,75.70137031221176
B,45.61655947735706
B,60.93705300156114
B,62.41045279424108
B,58.910106487358604
B,46.7454226923187
B,44.92564948092922
B,54.61668893512832
B,72.59093528889048
B,63.15400231891648
B,49.44078501870841
B,66.57548065972517
B,12.27186069054887
B,72.23148550558156
B,28.904293318328506
B,49.563385878953014
B,38.20495158060784
B,35.57977786418641
B,72.41240181067779
B,47.98448198032163
B,60.197558225960734
B,54.29619131681224
B,62.15561240834682
B,56.15232836590383
B,35.755116637171454
B,69.94400229170711
B,47.593651252580315
B,31.651271520103734
B,48.578272585511314
B,77.51139685951466
B,67.7533261317024
B,49.77021798388211
B,49.76113443522357
B,50.17547423173926
B,86.15121975341262
B,60.7290317834733
B,61.45062470786604
B,70.45425181047763
B,58.581837385397705
B,51.11436781268945
B,52.05475226372533
B,53.92598110878904
B,54.44166645235238
B,65.9144431545547
B,55.77918828710949
B,65.98960115823368
B,53.78925129837126
B,56.17952785474136
B,25.026989732018386
B,68.74491512053723
B,60.19732713846989
B,69.97015164789478
B,11.556169327094658
B,86.32562057171091
B,52.90615557767239
B,71.62274225106275
B,39.401411093117034
B,64.19160857593855
B,39.198766552395156
B,45.64346558956292
B,83.71047030800179
B,52.1397639885498
B,58.26149309769584
B,68.05101596033131
B,62.43522831958907
B,57.256283577153646
B,60.47441503699338
B,91.05123377857413
B,54.13571804449622
B,58.016485700724516
B,70.75981594011418
B,71.58288899436975
B,72.8054545834057
B,64.58095333043777
B,37.854926309042746
B,79.50147298451644
B,37.804819104719684
B,59.5395319785855
B,43.68586224970963
B,54.03792480110511
B,59.93143615455221
B,59.8203582317541
B,61.32881131352927
B,79.20566903587971
B,61.803014522709695
B,51.33765047064027
B,69.46130752432536
B,72.8420573338696
B,36.58588277294511
B,63.96100104774787
B,65.51759113466348
B,50.53654744960012
B,75.6356021996743
B,52.7491661945121
B,56.88364680207313
B,52.40392263574196
B,55.23368571372201
B,38.55587369657197
B,33.39923676108559
B,78.91757594837458
B,42.29557977522508
B,40.129114758155396
B,22.699148295944276
B,45.41557378465747
B,35.153653098887524
B,79.63022740204553
B,70.1472563401395
B,44.67774482233414
B,88.78653708016463
B,69.72648230487391
B,50.12752924737066
B,17.508914276896405
B,89.36413858886112
B,34.15641299854606
B,30.319018795646624
B,70.3385564801446
B,91.59628609508908
B,75.76409227765777
B,63.45863680078539
B,63.92131512497929
B,67.80123338170462
B,66.38392884680148
B,59.21787135954064
B,56.56301655927814
B,54.06110308150716
B,43.690531166999854
B,50.78987384699839
B,29.605647787069216
B,53.52490559807875
B,40.17113339273624
B,38.44616024176344
B,57.698412267302174
B,75.880034295169
B,68.7747490900347
B,31.442490945652345
B,40.15557795144494
B,69.11156781982324
B,40.26268909692536
B,51.63050275004463
B,63.25078148536828
B,40.47483317704547
B,56.580632592189396
B,34.989617576226934
B,45.9794853407318
B,59.79672901213806
B,31.105093997024962
B,61.607121069405984
B,54.70543301609978
B,63.28734931625722
B,58.358712010969924
B,75.46210644960766
B,56.87836753971861
B,48.558916883121206
B,56.83446254548426
B,63.14947043554582
B,55.732901054885566
B,55.608875368058236
B,44.47012468289867
B,45.05648623673578
B,33.96092092300459
B,81.24365114780409
B,36.34205146913072
B,44.60642203306139
B,44.22389101646204
B,68.42386565416662
B,50.57575482561958
B,73.716131090106
B,44.897640636341976
B,59.18491243335703
B,42.46979420110364
B,87.17723691660083
B,37.18602371455731
B,59.64731065340541
B,64.50665321398148
B,61.20698646177247
B,52.220685116834375
B,53.05268950399861
B,55.657172079686646
B,52.79496997557267
B,69.45818675192365
B,88.15784502387027
B,46.637623224882496
B,34.45295530631383
B,53.67576927473118
B,93.69564006481477
B,42.944881480454036
B,79.58675208166102
B,80.1655122111466
B,46.69617637438008
B,63.534746187779135
B,79.42594934692806
B,49.313083885187694
B,51.946294598464576
B,46.274786290770344
B,39.778649039607
B,45.26083682400989
B,36.64089599856615
B,55.51125202388839
B,43.450401534120374
B,58.50678867686121
B,31.66156530694559
B,59.96320348321686
B,67.50293442413387
B,25.093965361428168
B,60.61084854771358
B,73.41503488709938
B,36.855384719631914
B,80.08858580256555
B,61.28528514049068
B,44.424822163623865
B,54.16346383513441
B,63.374903687825835
B,56.14008087118617
B,63.08133988669554
B,41.1898961038095
B,57.54041236054117
B,33.79428254642529
B,53.33160907976949
B,41.44138537802815
B,43.9670508611535
B,73.54139762815656
B,71.36965180891403
B,64.13707181360766
B,38.61530852991132
B,50.25387325457797
B,73.19646549968775
B,57.12575370459857
B,89.7899430997254
B,60.89976759091558
B,57.880736747350475
B,50.363253036962476
B,57.00311357173423
B,52.712952454291845
B,65.62163015032885
B,69.35053475191876
B,43.21015809238076
B,35.03150569663333
B,27.456919403450552
B,62.619869903688155
B,38.449500907391894
B,22.706641105712755
B,60.82867906796446
B,92.39499276149186
B,54.9089363269016
B,67.57736161677462
B,56.22744037821347
B,53.51665520213286
B,68.78614724481653
B,50.64588183717023
B,59.010884711078546
B,59.8254670929402
B,44.978643195354266
B,69.88063524304785
B,52.37560364956887
B,43.66382260760733
B,63.047647653556055
B,41.52298027313444
B,55.42271736053692
B,54.86321505033695
B,71.28843348747367
B,62.12047349319929
B,54.624595618822845
B,67.26649448800431
B,75.8531132352597
B,63.36715459527793
B,55.15528929765071
B,35.32245651474761
B,39.02329505386941
B,50.421629434679986
B,45.85731696761076
B,52.19543045521831
B,55.849748873456605
B,62.94539131535096
B,53.94251832911363
B,62.297524657393026
B,55.9671162221518
B,25.368001504691932
B,40.90996909271868
B,52.83868666417577
B,36.85457885738339
B,63.998930949943066
B,77.96126248515546
B,73.28142777545975
B,51.79835693604688
B,77.36089205274928
B,57.23001185803167
B,49.94371043322941
B,45.7989600468859
B,50.462954702678076
B,49.17734772188157
B,57.55624333563232
B,57.40860971574797
B,55.04569030230122
B,61.55407254619525
B,72.85969412179512
B,69.24331203161985
B,32.726530473251444
B,16.691182976470678
B,69.01479866858911
B,34.49681952376868
B,51.62851897160975
B,37.448304609109606
B,27.970293436299706
B,63.12194092307182
B,66.3873274045397
B,46.35234398909921
B,16.134365617826354
B,46.806333276212754
B,60.877060081038195
B,32.81632646838807
B,57.750398796687335
B,54.77035226240507
B,63.689372494016325
B,56.7937055262123
B,40.40396588677667
B,72.94857252496737
B,52.62205640459545
B,54.590431907351025
B,41.00098061390206
B,48.35076623212734
B,41.727959289596484
B,52.405809101148655
B,80.67562720213516
B,34.421482856029655
B,30.796579031848882
B,77.06755491240412
B,51.86014484272201
B,44.963908920101254
B,70.59857031094114
B,45.91576690394704
B,82.39014570320404
B,65.16888807008904
B,47.68132887781446
B,87.35962319898255
B,45.914276154949924
B,66.13143058013961
B,59.48938870609738
B,74.52611934098198
B,78.42266795090279
B,55.4800622359865
B,43.69873194480725
B,61.89958214408675
B,44.834269453718406
B,85.20080871289935
B,57.04802996624106
B,49.52017673031837
B,57.77020458797362
B,34.793105657054554
B,40.42578942234023
B,73.00620861916639
B,45.14658581542906
B,39.296335259770906
B,63.049791287909294
B,72.78556231994496
B,65.784299659976
B,69.94071528708724
B,43.64807367145809
B,33.67283999887235
B,77.5200047793323
B,50.15980241736796
B,51.23750475317429
B,74.92291212773587
B,63.343450141009896
B,61.83831658122411
B,87.47503517351626
B,45.347226544297854
B,68.91760192121856
B,55.855196873456265
B,59.02888418294886
B,77.92702639618798
B,62.61753634434436
B,63.07444118574449
B,71.08761005964703
B,49.52570905685672
B,42.4118549899149
B,39.327862089684494
B,25.504651159359973
B,85.84310694910484
B,38.451874514174754
B,51.68119564621342
B,50.84780050166619
B,59.61110046713651
B,67.23605818808946
B,67.90710232539618
B,46.25383842146592
B,52.49317429320383
B,59.2386992573245
B,51.2696331072468
B,79.1101836402999
B,62.36462427457377
B,66.02316679074727
B,64.94321903001119
B,72.60210786227987
B,57.7153233805556
B,35.5475207806623
B,60.99531927628962
B,45.22964659312257
B,47.07074977375365
B,63.7954602813264
B,73.57424607150453
B,55.319073651040924
B,59.63249518898446
B,80.53322416952857
B,58.61129769232853
B,94.02524671270592
B,63.482644684473165
B,28.588558612662734
B,66.30012431656799
B,60.71737577324167
B,74.34629131124119
B,65.09772026904938
B,52.92316024024339
B,36.635526455659516
B,51.86465114070962
B,42.2421931868605
B,46.29214825292916
B,63.82867606630914
B,80.0485675652711
B,60.920072947344714
B,37.06175406947224
B,61.66904002330211
B,72.94947229968477
B,45.85325643520927
B,52.989742499906235
B,55.22032292093795
B,43.2265253037664
B,64.72420650765788
B,53.18577777088328
B,61.292986658605415
B,41.6876173329685
B,48.438125495148846
B,65.83572036741657
B,49.4075027186235
B,80.90445776850108
B,49.005457215780964
B,58.37027088627829
B,68.98886247809635
B,33.724514006004526
B,28.587867820288363
B,32.11515528144858
B,73.93876155140774
B,46.7221278116133
B,93.37298928502378
B,46.53628602013917
B,57.768269547955555
B,78.13164928851813
B,85.09139332238684
B,85.92255364954596
B,73.12549345889714
B,70.36093788717193
B,63.88790423801775
B,66.67541614249957
B,46.732214255071995
B,42.72701674866539
B,54.94938313883572
B,52.447230662126074
B,48.201579260090874
B,65.44581171185072
B,69.32957812855766
B,56.32610329437771
B,77.16295121582893
B,37.87466328799742
B,52.095108110804226
B,44.247665190957925
B,27.0019507439041
B,53.75978971235951
B,53.17378737425075
B,77.70174614863197
B,64.46217526832166
B,39.63719763506192
B,82.81138849501282
B,73.31550543288029
B,63.731465552029235
B,51.60273851725252
B,40.6084114491478
B,49.416898358934205
B,71.33122929556279
B,83.26879458901914
B,78.14865292408284
B,47.667258673205886
B,38.205738500664836
B,57.113293703668056
B,28.473409516557226
B,59.847515712771724
B,52.78596120551997
B,48.00945247197637
B,31.07945399099807
B,62.704001598545744
B,47.009487405071326
B,37.451247464345684
B,11.916066800775262
B,54.58727642424046
B,81.58377395004617
B,79.91888821821806
B,48.14355615120592
B,45.966819094573296
B,62.031613841125356
B,40.02421841217563
B,59.52687849729199
B,66.49120417577035
B,73.40399835826462
B,53.49768885280071
B,51.94489374734551
B,41.830261198651584
B,42.5967946894021
B,51.602816621477096
B,60.510482602242675
B,68.70376939349875
B,42.95231573979483
B,77.39032853439282
B,50.93314598436147
B,54.67949058477346
B,43.79182481278265
B,18.636396095905873
B,68.26068094541574
B,66.0526584563865
B,50.780086643226795
B,56.00486075837308
B,62.73908826556149
B,31.56181214670186
B,47.06420983980558
B,66.9139701943274
B,36.18565865246126
B,59.40336898249944
B,34.65127293064893
B,61.996449736502896
B,54.465377765537745
B,30.77302276141736
B,72.47109031685757
B,43.981126348029264
B,42.84621344478428
B,58.008537958464146
B,72.22956024143073
B,39.762672715324044
B,55.92519774771957
B,61.432247504958596
B,65.39658410894717
B,57.64662332915838
B,49.494582413750166
B,42.5861466902692
B,56.292158245695624
B,38.9179148202159
B,11.179742747580889
B,61.54839706236502
B,68.55902261629294
B,19.55601346687242
B,39.854039429350934
B,64.28731391507796
B,85.86243204567548
B,55.31190561513112
B,44.07995588156298
B,52.256553383427395
B,75.62314628722277
B,45.310537313131974
B,43.0121199002462
B,47.758847167269515
B,40.70007087611931
B,56.84005473992193
B,79.3701768770434
B,59.84618909674044
B,51.21469746810568
B,50.62283096626684
B,31.552137869550144
B,68.24664665720738
B,53.83244204480797
B,52.29280129614062
B,102.8966135176729
B,59.48129362548529
B,43.72313424857224
B,48.60463605691685
B,72.22668563795132
B,56.69905615806647
B,33.4258303252395
B,68.78843401862805
B,44.97783871691509
B,83.09946664326318
B,71.20072098571973
B,48.29017156511873
B,74.2152454260267
B,56.01783265791105
B,67.79160512683329
B,62.27099225941712
B,42.3046501751369
B,45.346752515238066
B,70.44941226371742
B,49.97837001840189
B,48.94527305137005
B,40.673161309759706
B,61.353985983901914
B,85.93787378864718
B,38.9870062861859
B,55.36329185009137
B,76.18330833123144
B,53.805379131314275
B,61.78557694374601
B,39.0640970777968
B,61.42460645811473
B,52.192836024931765
B,69.78594993519795
B,72.81079077347127
B,93.84345463027921
B,63.69449759820363
B,59.886944748732496
B,57.91576452366004
B,49.702505607839676
B,60.077257651925365
B,50.56897884791456
B,57.52691464404421
B,74.7639630341194
B,39.90186152080538
B,72.09817841693568
B,74.75672601009798
B,53.22897209513382
B,23.172176514871083
B,45.882670193583515
B,74.45491819841664
B,54.656979065516765
B,40.01046651557634
B,47.42837618157674
B,67.60930039756829
B,63.20100352302069
B,51.416018512454585
B,49.49763382277969
B,49.12362776434267
B,41.163847232522464
B,79.23063534204162
B,50.1651929618299
B,73.25737781238244
B,77.81974077883677
B,69.9746634722194
B,48.52569530922928
B,61.05595135504914
B,54.63706590413626
B,41.44447208904808
B,59.865389225824046
B,37.31440313260296
B,72.81519082692346
B,48.03074054052411
B,58.01739483809259
B,59.24931807319213
B,51.11642539443884
B,63.80040702212912
B,47.876445150662136
B,68.06945946185866
B,34.81030479629877
B,56.89569369319618
B,84.08393498587427
B,39.995030130916376
B,44.83382544212723
B,62.708617744883725
B,57.69372672909397
B,60.25945148910339
B,62.337806952214954
B,64.52082202842655
B,71.64549762934334
B,61.147279853927685
B,51.38113518072186
B,65.08860551804096
B,83.49822902342824
B,53.010493804261394
B,40.38206042994038
B,71.60621003930459
B,53.19428254069603
B,22.409956809789456
B,67.71132515725633
B,46.97007721069116
B,53.64200076543759
B,59.979704958535216
B,57.857495196685996
B,65.6417772570856
B,48.46770444145235
B,62.69658697264124
B,51.106799836241244
B,66.08215721331254
B,64.23051226019581
B,40.96841946933107
B,71.28973174262549
B,46.96054832328928
B,67.12086697421718
B,60.50930970102011
B,82.57275515192684
B,51.64801026442222
B,49.760248058227035
B,54.708705911684014
B,50.452303257485866
B,66.99912852913076
B,30.755340873451182
B,39.194763712804686
B,38.9829561763121
B,69.25461387960364
B,80.65920058872888
B,53.433261721937924
B,52.46767415214984
B,56.050782446697724
B,72.42817453912286
B,41.089702987141386
B,58.57553474102178
B,69.62796444673644
B,62.51641254909768
B,57.843724248981154
B,70.01569138850712
B,14.451515605011444
B,65.16812979296361
B,45.188864753088644
B,27.540506547153146
B,62.66803899287471
B,75.60487817744436
B,52.93827228058462
B,69.29311820804408
B,79.18417386982968
B,74.72371680376071
B,79.59946794057089
B,66.13191236607838
B,56.13150458352389
B,30.970512821542474
B,51.30906267805077
B,42.35130107025712
B,87.5641407624672
B,52.36171281351495
B,56.848072101767286
B,63.272280640607015
B,55.654036695586804
B,80.4257656064613
B,45.66025957398322
B,57.91911182855864
B,43.86294121452927
B,35.19966233168941
B,45.82346363642072
B,54.44444804427382
B,48.5604666322411
B,44.61368530189216
B,33.90523804492249
B,53.75341641056958
B,32.42919438953497
B,66.40083945534404
B,56.23659629401755
B,33.13672750802604
B,50.36186384425205
B,43.71765391614125
B,59.78761765628771
B,75.10675669034717
B,26.87241295531383
B,56.72539118721126
B,52.59800806650039
B,65.07010114675698
B,58.19794942356533
B,43.72046002391771
B,50.214190965000725
B,43.05961214794766
B,71.14010707897897
B,55.319674730079136
B,83.5178602862951
B,54.090087792780686
B,44.37389849634306
B,32.294284110807595
B,27.952904856160824
B,31.237960854917652
B,59.00689976517225
B,62.63087534844901
B,31.282139469518
B,68.42557471114173
B,47.75408422474841
B,57.20189517978324
B,79.18330942383136
B,68.45258973798298
B,50.97204028141252
B,41.63211661877069
B,22.722768980060422
B,44.212700211363696
B,51.83304641758458
B,40.19230709273224
B,53.031145493615426
B,56.15277824438152
B,51.627160272878825
B,45.249961287648105
B,57.529820079500915
B,61.629109743541136
B,38.64401383835731
B,76.16398569619405
B,53.521178015736076
B,55.28274434417271
B,65.62321634884836
B,58.49824196895253
B,69.29704950869868
B,59.30686247802736
B,45.81343938039343
B,60.42255287809152
B,37.844106890190076
B,56.62839558664785
B,54.50155014033309
B,51.8782471409119
B,53.07193732841604
B,26.772264317535413
B,46.76912638388558
B,56.39267351711672
B,57.397845879961004
B,39.58487288611063
B,73.98561761297051
B,42.007377276782485
B,69.54185800790106
B,61.40791542807527
B,45.30659035234295
B,81.62966338914268
B,37.095447523652794
B,68.78731260415002
B,70.00873477064468
B,44.94069686385033
B,75.88697950096493
B,51.24930228101571
B,59.33040443919786
B,58.90482758156831
B,52.98536887794178
B,67.16212409739673
B,66.9023308082832
B,28.772020401427287
B,74.56510364317229
B,30.062620179464886
B,70.48819306512486
B,71.90057705241375
B,38.63550354677203
B,48.83778568068123
B,38.41442997271096
B,51.77618454566897
B,50.379485737213884
B,66.6949079840401
B,74.65463119179412
B,75.93525716184934
B,46.567479601325466
B,51.86167189383208
B,29.748427116685747
B,42.911949002557165
B,69.47277449646187
B,79.23374235322348
B,36.48476692180117
B,46.11303611270659
B,54.603913645616096
B,59.2024173822941
B,42.85594720117531
B,61.36091566696135
B,47.89240979393626
B,54.78321593682581
B,63.194263720055496
B,55.09633404716407
B,48.45421164210147
B,53.35585294111254
B,53.67455561191997
B,49.449834551768085
B,51.11805905999346
B,78.97970755757075
B,63.41379171911858
B,50.56779522956259
B,65.45431606766104
B,49.99270765365985
B,72.59686956379961
B,60.544632882971406
B,53.39046783993657
B,61.715753887154165
B,31.43685771897251
B,38.09848796635292
B,37.091124904014166
B,57.1441464214556
B,80.98772499227638
B,88.46950219288948
B,64.57076652161136
B,62.51266712416685
B,27.984133987708915
B,46.859893003989676
B,43.183243721376414
B,45.68728602623326
B,52.47784272122816
B,47.91864133454309
B,25.310502844363185
B,66.218653841763
B,38.9088546139029
B,58.588702961667245
B,86.1112400462496
B,41.20923112620365
B,17.045687158805052
B,50.70993667179834
B,71.51439452497857
B,84.37521181330891
B,36.55675608321375
B,62.45048834854782
B,48.0203431482992
B,53.410774685437964
B,94.66515020525551
B,32.4554450740727
B,58.8060949224186
B,62.0153975764815
B,71.2867948740902
B,56.46974730206343
B,59.62075809256154
B,49.125271488673135
B,59.03690411867661
B,49.85211586753884
B,64.32357834784077
B,49.45584495934549
B,60.65650590853279
B,54.56105779472532
B,71.89075376158252
B,54.229094146172706
B,28.40451297689678
B,73.92882251070988
B,41.414015487060716
B,45.1935049202677
B,46.065080589347616
B,75.61657139756227
B,22.964886790319568
B,102.0662280048999
B,70.84085213599077
B,58.348583711937394
B,54.1765899907557
B,59.28331112286485
B,62.81683642569008
B,64.67823378925085
B,63.334066990051724
B,56.34371021882873
B,52.03992369539011
B,52.730900745197324
B,52.07637579470978
B,72.00655145300597
B,63.90335083421293
B,10.894170480035797
B,64.83851164794642
B,57.92104292078162
B,54.71936865331154
B,49.17222320366671
B,71.86169079979021
B,69.21289693184286
B,43.40683498264586
B,61.105784306868024
B,40.42514898188071
B,34.305727528166045
B,45.59924163115052
B,67.93590208574138
B,69.2968756806413
B,62.69628130145939
B,65.87643680271995
B,62.742674306724375
B,45.37777607165572
B,61.47883817010911
B,67.00614287841523
B,66.31436994720362
B,72.83370057211964
B,65.62455770801596
B,60.27172311312374
B,71.05225357474642
B,54.6021811112641
B,41.771880231584234
B,52.553995540843545
B,43.82646032790326
