customer_id,prior_quarter_spend,loyalty_enrolled,next_quarter_spend,age,region,tenure
1,474.91,0,590.28,20,South,2.2
2,590.14,1,664.03,34,North,0.6
3,546.4,1,689.25,19,South,0.2
4,519.73,1,680.16,42,North,9.8
5,431.2,0,575.52,35,West,0.3
6,431.2,0,591.14,20,South,8.9
7,411.62,0,571.99,31,South,7.6
8,573.24,1,707.72,27,East,3.2
9,520.22,1,660.03,38,West,2.2
10,541.61,1,625.14,48,South,1.7
11,404.12,0,555.36,16,South,4.0
12,593.98,1,712.62,36,West,0.7
13,566.49,1,698.04,33,North,1.3
14,442.47,0,527.18,41,South,1.9
15,436.36,0,529.39,37,East,1.1
16,436.68,0,593.6,27,South,1.1
17,460.85,0,575.32,31,East,0.8
18,504.95,1,673.42,27,East,1.7
19,486.39,0,592.68,45,South,3.8
20,458.25,0,575.84,35,South,0.5
21,522.37,1,691.57,54,East,5.4
22,427.9,0,541.26,34,West,2.3
23,458.43,0,577.94,27,West,3.5
24,473.27,0,570.1,19,South,1.6
25,491.21,0,581.69,16,North,3.0
26,557.04,1,674.95,19,West,0.0
27,439.93,0,570.62,37,South,3.4
28,502.85,1,637.35,40,West,0.1
29,518.48,1,698.76,19,North,4.4
30,409.29,0,518.74,43,South,9.6
31,521.51,1,657.3,30,North,0.7
32,434.1,0,547.27,36,South,0.5
33,413.01,0,591.22,51,North,2.9
34,589.78,1,709.76,43,West,0.6
35,593.13,1,736.83,32,West,4.0
36,561.68,1,642.44,26,North,0.2
37,460.92,0,584.57,13,North,0.3
38,419.53,0,578.41,27,North,7.7
39,536.85,1,674.58,32,South,2.2
40,488.03,0,624.78,25,West,3.8
41,424.41,0,539.13,33,South,0.8
42,499.04,0,641.7,35,West,2.3
43,406.88,0,613.09,32,East,1.8
44,581.86,1,688.23,28,South,1.8
45,451.76,0,557.69,36,West,2.3
46,532.5,1,713.1,39,West,1.7
47,462.34,0,624.79,24,South,1.1
48,504.01,1,636.72,49,South,0.6
49,509.34,1,643.0,34,West,2.9
50,436.97,0,553.73,35,South,0.5
51,593.92,1,666.02,42,North,2.4
52,555.03,1,655.46,37,South,0.5
53,587.9,1,672.62,44,South,2.0
54,578.97,1,674.35,37,South,2.7
55,519.58,1,660.71,28,West,0.5
56,584.37,1,707.65,38,North,0.1
57,417.7,0,597.13,23,East,0.3
58,439.2,0,533.57,36,East,1.9
59,409.05,0,574.96,34,North,3.8
60,465.07,0,572.62,32,North,0.1
61,477.74,0,585.16,33,North,2.6
62,454.27,0,592.81,16,West,0.8
63,565.75,1,655.77,29,East,1.3
64,471.35,0,594.28,35,North,5.3
65,456.19,0,578.71,36,West,0.8
66,508.54,1,669.9,24,East,1.3
67,428.18,0,565.59,47,South,0.0
68,560.44,1,759.92,26,West,0.2
69,414.91,0,529.81,44,East,0.6
70,597.38,1,692.5,39,West,0.1
71,554.45,1,663.98,28,East,2.0
72,439.74,0,547.18,52,East,1.1
73,401.1,0,521.54,23,South,1.6
74,563.09,1,723.53,44,West,0.4
75,541.37,1,717.44,45,North,0.7
76,545.8,1,660.36,28,South,2.2
77,554.25,1,657.58,48,South,6.7
78,414.81,0,563.03,32,East,0.1
79,471.69,0,566.45,37,North,4.4
80,423.17,0,572.89,37,West,1.7
81,572.62,1,699.66,33,North,1.7
82,524.66,1,619.32,43,North,1.4
83,466.18,0,626.13,42,North,0.1
84,412.71,0,601.5,17,North,0.2
85,462.2,0,558.93,48,North,1.8
86,465.04,0,567.39,18,East,0.8
87,545.92,1,686.13,45,East,5.0
88,527.51,1,676.54,46,South,1.0
89,577.44,1,716.22,24,East,0.3
90,494.44,0,656.97,30,South,2.5
91,423.92,0,549.04,23,South,0.7
92,542.65,1,651.64,32,West,1.5
93,552.16,1,639.91,31,North,2.4
94,512.26,1,635.43,42,East,4.6
95,554.19,1,681.52,48,West,3.1
96,498.76,0,653.09,48,East,2.3
97,504.55,1,637.2,29,South,2.3
98,485.51,0,598.02,32,East,5.8
99,405.08,0,542.56,18,North,0.7
100,421.58,0,588.6,26,South,0.0
101,406.29,0,619.58,44,South,0.6
102,527.28,1,650.44,51,West,0.5
103,462.87,0,563.04,22,North,2.2
104,501.71,1,682.35,29,South,2.0
105,581.51,1,719.36,34,North,1.8
106,449.86,0,625.32,37,East,0.0
107,482.08,0,606.76,26,North,2.6
108,551.11,1,669.89,39,South,0.8
109,445.76,0,585.18,30,West,2.2
110,415.4,0,582.5,34,South,1.6
111,457.95,0,599.38,40,North,0.8
112,432.24,0,574.56,35,North,0.3
113,585.94,1,733.56,30,South,0.2
114,561.62,1,722.05,33,North,3.6
115,526.68,1,707.47,34,East,5.0
116,574.29,1,714.04,31,South,2.1
117,560.73,1,681.43,32,West,0.2
118,437.31,0,566.79,50,South,1.0
119,578.51,1,733.3,40,East,2.6
120,507.87,1,630.21,32,East,3.0
121,561.49,1,697.95,41,East,0.3
122,579.22,1,685.73,31,East,0.0
123,463.6,0,579.02,46,East,2.5
124,422.01,0,591.56,38,West,0.9
125,445.59,0,573.09,33,North,0.6
126,485.42,0,592.65,39,East,0.0
127,563.6,1,647.37,19,East,1.6
128,572.15,1,715.68,23,South,3.8
129,401.39,0,560.2,23,West,6.3
130,502.15,1,716.19,36,West,1.7
131,483.48,0,580.86,52,North,1.4
132,444.42,0,573.23,57,West,0.2
133,423.97,0,561.87,41,South,1.6
134,467.52,0,627.84,40,South,1.0
135,588.58,1,700.29,16,North,1.9
136,464.64,0,587.15,29,South,1.0
137,503.76,1,670.49,27,East,0.5
138,540.6,1,679.96,28,East,0.2
139,472.73,0,570.24,33,South,0.8
140,594.36,1,712.44,30,North,0.2
141,592.49,1,737.7,15,West,0.4
142,450.36,0,539.42,42,North,8.7
143,499.45,0,603.66,24,West,1.2
144,460.18,0,555.1,37,South,1.5
145,456.97,0,610.03,55,South,4.1
146,407.38,0,498.73,25,East,10.8
147,521.91,1,646.38,9,West,1.7
148,500.54,1,661.64,32,North,3.3
149,410.3,0,593.14,46,South,0.8
150,455.73,0,571.47,54,North,0.7
151,581.65,1,682.34,22,East,1.0
152,447.91,0,625.18,39,West,2.2
153,428.98,0,513.95,30,West,2.3
154,497.89,0,532.77,33,South,0.8
155,597.13,1,721.48,61,West,0.3
156,448.41,0,553.99,19,South,2.0
157,534.43,1,640.02,37,East,0.3
158,552.32,1,702.65,39,West,1.7
159,447.53,0,575.83,45,South,2.4
160,545.64,1,660.46,35,North,2.4
161,473.56,0,545.72,38,South,2.8
162,526.46,1,692.05,31,West,4.1
163,526.71,1,685.53,37,East,1.4
164,507.15,1,651.32,31,West,2.6
165,418.06,0,606.23,41,West,1.9
166,567.06,1,658.13,31,South,0.4
167,464.16,0,532.73,38,North,0.1
168,437.3,0,541.62,34,West,0.7
169,408.16,0,543.53,46,North,1.2
170,518.18,1,668.21,34,South,1.9
171,535.51,1,664.07,17,North,3.8
172,403.32,0,552.55,47,South,0.4
173,502.42,1,613.9,25,East,0.3
174,445.3,0,610.49,28,North,6.6
175,529.03,1,664.96,29,North,0.2
176,434.87,0,594.44,48,East,1.3
177,538.19,1,683.19,13,North,1.8
178,477.35,0,600.11,66,East,1.6
179,587.35,1,719.5,45,West,0.2
180,427.5,0,569.93,37,South,0.1
181,468.21,0,600.21,34,East,0.2
182,422.69,0,593.49,37,North,1.8
183,584.94,1,706.86,40,East,1.6
184,575.47,1,716.55,41,North,0.5
185,451.59,0,568.26,40,West,2.0
186,532.0,1,712.4,35,East,3.4
187,563.44,1,667.77,33,West,0.1
188,511.04,1,710.65,33,South,1.4
189,505.93,1,652.35,33,North,2.3
190,448.37,0,526.1,46,North,0.6
191,418.62,0,555.02,40,West,0.7
192,579.44,1,677.23,5,South,1.9
193,580.08,1,723.27,41,East,4.6
194,526.62,1,646.39,36,East,3.3
195,467.81,0,567.3,34,North,1.7
196,469.84,0,525.22,31,West,2.6
197,545.19,1,663.55,46,West,0.9
198,579.42,1,624.94,44,East,2.0
199,577.42,1,648.93,27,South,1.3
200,555.98,1,706.4,39,South,0.4
201,528.41,1,690.62,25,East,2.4
202,416.83,0,562.86,21,East,1.6
203,432.33,0,530.39,28,West,0.9
204,579.71,1,696.4,43,South,4.8
205,521.29,1,662.66,44,East,0.0
206,401.84,0,506.35,40,East,0.8
207,420.29,0,597.28,42,North,0.1
208,532.7,1,695.94,40,East,2.9
209,401.01,0,533.98,28,East,2.4
210,432.16,0,560.1,39,South,0.8
211,509.75,1,662.1,43,West,2.3
212,538.38,1,611.78,42,South,1.0
213,530.39,1,660.82,46,West,2.8
214,444.85,0,546.45,42,North,1.2
215,542.44,1,645.41,38,East,1.1
216,447.45,0,560.04,45,North,5.5
217,465.08,0,632.98,34,West,0.6
218,549.3,1,698.8,26,South,0.3
219,529.93,1,650.82,33,South,1.8
220,569.84,1,709.08,27,North,7.0
221,531.52,1,710.89,28,West,0.9
222,513.66,1,685.94,33,North,0.1
223,418.73,0,553.03,27,North,0.8
224,473.54,0,564.72,31,East,1.4
225,453.04,0,592.77,16,North,0.4
226,448.8,0,581.08,37,East,2.1
227,594.6,1,733.62,35,East,12.2
228,478.62,0,606.23,26,South,1.2
229,578.41,1,728.53,41,East,0.9
230,526.23,1,649.68,44,East,1.0
231,558.96,1,724.9,18,South,0.2
232,500.53,1,656.24,27,North,4.3
233,515.38,1,721.49,27,West,1.1
234,498.5,0,578.43,25,West,1.0
235,439.05,0,615.51,43,West,2.2
236,544.49,1,682.63,33,North,1.2
237,456.15,0,554.15,32,East,2.1
238,404.86,0,528.4,14,West,0.1
239,529.09,1,657.85,41,North,3.4
240,435.42,0,573.98,22,East,5.6
241,588.09,1,718.54,35,South,2.1
242,590.79,1,687.26,37,West,6.2
243,582.97,1,699.05,48,East,0.3
244,474.03,0,648.69,21,West,1.3
245,403.09,0,593.68,4,West,1.8
246,585.66,1,714.49,36,West,1.7
247,485.64,0,592.52,53,East,1.0
248,593.33,1,709.6,47,North,0.8
249,592.72,1,724.04,37,East,0.3
250,570.6,1,661.68,30,West,1.0
251,458.89,0,567.61,43,East,0.4
252,477.02,0,536.15,25,South,2.7
253,570.23,1,704.11,39,North,0.5
254,463.38,0,597.45,40,East,0.1
255,433.9,0,545.84,45,South,1.6
256,511.36,1,704.04,62,North,1.8
257,587.23,1,665.57,38,South,4.1
258,539.21,1,629.59,29,North,1.7
259,514.01,1,665.14,34,East,0.8
260,419.44,0,583.07,17,South,3.2
261,523.0,1,714.32,28,West,1.6
262,598.01,1,695.04,30,South,0.2
263,428.02,0,589.17,29,North,1.7
264,503.67,1,651.04,36,East,4.8
265,575.47,1,690.11,26,North,1.0
266,548.15,1,705.4,46,South,0.7
267,539.4,1,693.21,35,South,0.3
268,540.5,1,627.01,34,West,0.3
269,471.9,0,627.44,31,East,1.1
270,458.72,0,616.63,36,East,1.8
271,561.87,1,668.36,43,South,0.2
272,562.02,1,699.09,26,East,5.6
273,573.41,1,708.87,28,West,2.8
274,582.65,1,707.41,31,North,1.8
275,502.27,1,634.85,21,East,3.5
276,500.3,1,630.03,26,South,0.2
277,559.66,1,685.03,30,North,1.3
278,529.99,1,703.18,43,North,2.0
279,540.39,1,690.54,37,West,3.5
280,559.16,1,674.38,36,South,3.1
281,578.0,1,719.95,43,East,0.6
282,467.6,0,495.1,33,South,5.7
283,475.12,0,619.53,38,North,0.3
284,418.8,0,499.09,33,South,4.2
285,515.66,1,648.52,37,East,7.1
286,407.19,0,510.72,29,East,0.4
287,493.12,0,557.03,10,West,2.6
288,508.53,1,689.94,33,East,0.1
289,457.31,0,560.35,49,East,1.0
290,518.17,1,671.3,44,South,1.5
291,406.1,0,542.25,44,South,1.7
292,407.47,0,558.79,47,North,5.5
293,564.52,1,691.02,35,West,2.2
294,472.04,0,544.73,36,South,1.3
295,425.41,0,585.14,28,East,3.3
296,504.45,1,637.86,31,North,6.0
297,554.0,1,635.7,41,South,0.0
298,443.16,0,553.06,47,West,8.1
299,524.58,1,709.77,33,West,0.2
300,417.07,0,575.75,30,North,3.4
301,410.34,0,535.74,35,North,0.7
302,506.27,1,643.28,41,North,0.3
303,508.13,1,645.23,20,North,1.2
304,527.49,1,728.79,12,North,2.1
305,545.22,1,688.59,29,East,1.0
306,595.17,1,720.0,22,East,0.1
307,503.26,1,682.86,29,South,1.8
308,464.59,0,585.92,33,West,4.7
309,559.04,1,677.65,30,East,1.0
310,454.17,0,566.61,49,East,0.5
311,487.79,0,590.53,38,East,1.2
312,415.69,0,548.3,38,South,0.1
313,405.07,0,564.87,41,North,3.4
314,592.53,1,707.08,23,South,3.5
315,567.2,1,712.3,45,West,1.8
316,539.19,1,671.1,34,West,0.9
317,481.79,0,591.43,41,West,3.2
318,434.66,0,500.85,24,West,1.6
319,431.29,0,586.26,19,East,3.5
320,450.05,0,580.42,43,East,2.0
321,509.85,1,685.85,38,South,3.1
322,542.92,1,588.86,25,North,1.8
323,532.04,1,731.87,26,West,1.1
324,455.99,0,569.4,46,South,6.3
325,590.97,1,737.83,23,East,1.6
326,547.58,1,647.35,51,East,1.9
327,510.87,1,674.91,25,North,0.5
328,522.34,1,631.8,41,North,2.0
329,483.92,0,571.64,31,North,1.7
330,449.55,0,627.15,41,South,0.4
331,471.19,0,577.0,29,East,0.1
332,551.57,1,687.46,33,East,1.9
333,402.88,0,567.83,35,North,2.9
334,423.21,0,568.8,24,West,1.5
335,409.2,0,550.03,42,North,0.5
336,408.15,0,555.84,29,South,2.2
337,571.09,1,764.76,32,North,0.2
338,540.73,1,672.71,25,North,1.2
339,494.83,0,602.93,9,South,0.4
340,419.57,0,583.26,33,North,0.4
341,498.32,0,632.16,59,East,0.5
342,494.69,0,632.43,42,West,1.0
343,434.64,0,579.95,34,North,0.1
344,486.77,0,557.77,32,South,1.0
345,479.7,0,636.82,35,West,1.4
346,523.17,1,629.51,40,South,1.3
347,527.02,1,675.29,23,West,1.0
348,409.06,0,522.81,46,West,3.7
349,474.92,0,583.03,42,North,0.3
350,525.17,1,674.97,42,East,1.4
351,500.63,1,660.02,39,North,0.1
352,571.3,1,705.44,35,South,0.1
353,531.74,1,717.45,41,South,1.7
354,432.59,0,573.16,40,West,1.7
355,414.11,0,541.14,31,West,4.2
356,528.48,1,696.01,29,East,1.6
357,405.3,0,578.87,36,North,6.4
358,517.16,1,623.46,50,South,0.1
359,588.05,1,720.75,22,West,0.2
360,515.09,1,680.09,20,East,0.1
361,477.63,0,577.65,36,South,0.4
362,528.66,1,708.47,35,West,1.6
363,491.65,0,590.49,36,South,2.1
364,509.12,1,659.24,37,East,0.1
365,588.29,1,697.78,32,East,5.8
366,477.22,0,586.8,49,South,3.7
367,592.24,1,672.45,18,North,0.7
368,581.07,1,655.44,26,South,0.2
369,439.16,0,611.33,33,West,0.4
370,413.87,0,522.91,18,North,0.3
371,420.16,0,522.35,33,West,0.3
372,403.64,0,477.58,51,South,1.5
373,418.89,0,532.16,35,North,0.6
374,536.6,1,632.27,37,West,0.9
375,414.24,0,597.8,22,South,9.1
376,463.8,0,608.57,28,South,2.3
377,568.98,1,670.74,31,North,6.0
378,404.65,0,610.37,31,South,0.3
379,562.89,1,717.19,47,East,1.0
380,456.37,0,564.08,40,West,1.6
381,423.63,0,479.2,23,West,0.2
382,539.35,1,742.34,37,South,0.0
383,525.79,1,623.79,39,South,2.2
384,575.49,1,645.93,46,East,2.1
385,547.01,1,708.89,50,North,1.1
386,560.7,1,759.61,24,South,1.3
387,456.41,0,615.37,26,South,1.1
388,435.49,0,578.21,22,South,0.0
389,550.12,1,697.92,32,South,0.8
390,561.37,1,712.42,39,West,0.4
391,598.1,1,731.63,44,South,0.2
392,482.52,0,597.95,34,West,6.3
393,474.4,0,587.77,31,South,1.8
394,555.28,1,681.29,36,North,2.6
395,468.16,0,558.28,26,East,0.8
396,586.15,1,693.27,55,North,1.0
397,571.68,1,642.22,18,South,0.5
398,485.8,0,588.53,36,South,0.2
399,550.17,1,650.45,55,South,0.4
400,550.91,1,647.44,35,North,3.2
401,420.62,0,557.77,33,South,2.3
402,580.51,1,740.07,31,North,1.6
403,501.05,1,678.18,33,West,1.3
404,565.29,1,642.06,48,East,5.1
405,464.01,0,548.72,12,East,0.2
406,579.1,1,725.69,50,North,0.7
407,477.84,0,557.23,20,West,0.9
408,402.17,0,534.56,32,North,3.1
409,581.08,1,715.15,30,West,9.8
410,418.26,0,521.9,40,South,0.6
411,463.86,0,581.48,19,West,4.1
412,590.01,1,663.99,39,West,3.6
413,590.12,1,686.03,55,West,0.5
414,514.69,1,668.41,21,East,1.0
415,526.37,1,618.03,36,West,1.1
416,489.69,0,607.03,28,South,7.7
417,458.64,0,574.6,39,South,0.4
418,465.73,0,596.01,35,South,3.2
419,534.5,1,677.42,28,West,0.8
420,550.47,1,721.21,39,North,2.6
421,558.32,1,688.75,53,North,1.1
422,557.92,1,671.87,33,South,1.7
423,418.24,0,554.61,42,East,3.6
424,498.88,0,615.63,22,North,3.3
425,411.51,0,548.37,25,West,4.0
426,509.91,1,657.16,39,North,0.1
427,488.31,0,571.92,49,South,2.4
428,577.54,1,676.64,38,East,0.3
429,470.18,0,540.03,31,North,1.1
430,423.41,0,606.54,34,North,1.6
431,428.6,0,519.84,22,South,1.0
432,552.3,1,660.59,41,East,1.5
433,523.64,1,642.63,43,East,11.3
434,420.22,0,578.98,30,South,0.3
435,416.82,0,541.24,30,West,2.3
436,540.19,1,711.55,37,North,1.0
437,414.55,0,528.53,30,West,0.3
438,564.37,1,696.99,34,North,0.3
439,541.25,1,649.69,55,North,6.0
440,416.27,0,614.12,32,West,4.2
441,416.97,0,514.55,31,South,4.8
442,597.33,1,717.69,28,South,9.5
443,474.85,0,603.93,42,North,0.5
444,474.13,0,596.89,33,South,0.9
445,562.56,1,681.98,28,North,2.2
446,589.45,1,699.78,48,South,1.3
447,597.2,1,709.63,49,North,1.1
448,550.68,1,676.0,28,South,0.9
449,475.25,0,614.07,16,East,1.8
450,416.7,0,616.34,45,West,1.7
451,555.43,1,666.53,28,East,0.4
452,511.68,1,615.91,42,West,1.3
453,484.84,0,588.26,15,West,1.6
454,581.27,1,776.15,43,North,1.7
455,422.24,0,529.23,22,West,0.5
456,498.53,0,648.29,42,East,2.7
457,402.27,0,591.69,35,East,0.1
458,493.73,0,579.63,25,South,0.9
459,411.26,0,563.83,30,East,3.0
460,423.76,0,603.11,41,South,1.7
461,423.51,0,542.73,36,West,0.6
462,529.84,1,661.8,40,East,2.4
463,549.21,1,662.07,54,West,1.7
464,516.67,1,629.56,19,East,3.2
465,592.43,1,685.98,51,East,2.7
466,474.97,0,548.27,36,South,1.9
467,457.14,0,575.31,26,West,1.3
468,573.72,1,671.13,21,East,0.3
469,444.72,0,573.85,33,North,0.6
470,592.64,1,658.91,44,West,1.1
471,402.43,0,551.38,33,West,1.8
472,593.98,1,731.39,50,West,1.4
473,408.63,0,485.37,20,South,0.7
474,578.23,1,708.16,34,North,0.0
475,505.54,1,690.15,22,West,1.4
476,598.59,1,672.87,38,East,0.7
477,414.76,0,599.03,43,East,2.7
478,510.77,1,669.03,30,South,0.0
479,593.86,1,685.17,8,East,1.8
480,504.62,1,651.1,36,West,5.7
481,525.88,1,682.28,39,East,0.4
482,539.15,1,675.77,39,West,1.3
483,490.91,0,610.71,47,East,0.2
484,525.51,1,637.69,24,North,2.0
485,516.86,1,665.2,41,South,1.6
486,580.23,1,655.73,46,South,1.0
487,409.09,0,542.12,17,North,1.5
488,456.19,0,546.6,38,North,4.5
489,590.08,1,681.98,29,South,0.4
490,578.05,1,733.91,34,North,0.0
491,491.13,0,627.42,38,West,4.0
492,524.03,1,682.69,30,East,1.7
493,455.48,0,540.52,28,South,4.4
494,437.62,0,553.08,35,North,1.8
495,492.74,0,632.04,24,West,3.3
496,470.67,0,586.65,24,South,1.1
497,516.73,1,729.62,41,North,2.8
498,415.55,0,561.13,23,South,4.9
499,594.88,1,712.69,41,North,1.7
500,597.24,1,699.07,39,South,0.4
501,539.63,1,677.79,17,West,0.6
502,507.22,1,649.76,28,West,0.4
503,461.91,0,598.39,46,East,0.6
504,562.76,1,716.36,25,South,0.7
505,536.95,1,648.59,30,East,1.6
506,432.52,0,519.58,39,South,1.8
507,582.19,1,644.23,42,North,1.1
508,564.51,1,703.94,32,North,1.9
509,589.96,1,670.87,29,East,0.2
510,545.14,1,612.5,49,South,0.2
511,522.68,1,675.27,52,East,0.4
512,483.65,0,664.98,44,West,1.5
513,586.55,1,701.75,35,East,0.5
514,573.21,1,719.08,26,East,0.7
515,409.04,0,547.88,26,North,1.0
516,405.27,0,540.2,40,East,3.3
517,475.29,0,612.75,39,South,0.0
518,562.11,1,678.56,49,North,2.1
519,597.46,1,716.49,41,East,2.2
520,430.08,0,567.7,19,West,3.2
521,518.83,1,641.25,45,East,5.4
522,476.18,0,615.47,25,East,0.0
523,593.98,1,701.14,31,East,0.3
524,568.42,1,668.38,37,North,4.3
525,567.67,1,706.69,54,South,1.2
526,493.74,0,569.29,66,West,1.7
527,482.96,0,590.62,41,East,2.2
528,454.68,0,572.54,33,South,2.3
529,411.28,0,579.34,40,South,5.4
530,572.94,1,708.01,43,North,11.6
531,562.58,1,686.8,31,West,2.5
532,599.94,1,734.5,52,North,0.7
533,599.33,1,751.3,37,South,4.2
534,511.09,1,673.39,39,South,0.1
535,553.8,1,682.59,41,South,0.5
536,588.95,1,664.02,39,North,4.6
537,569.93,1,660.0,43,West,0.6
538,449.47,0,560.53,28,East,0.5
539,490.11,0,575.78,29,North,0.3
540,425.83,0,549.89,23,South,3.9
541,590.81,1,706.19,39,North,1.4
542,521.23,1,678.63,42,South,2.2
543,445.73,0,565.32,39,East,0.5
544,534.34,1,685.2,51,East,2.8
545,523.63,1,666.11,34,West,2.9
546,471.63,0,523.72,41,South,0.7
547,422.71,0,525.45,24,West,1.1
548,534.31,1,666.27,31,West,0.5
549,504.06,1,616.15,41,East,7.5
550,554.46,1,700.68,43,North,2.1
551,504.03,1,698.34,32,North,5.5
552,570.44,1,728.82,34,West,0.7
553,510.38,1,649.83,19,East,3.0
554,512.19,1,702.03,31,South,2.9
555,575.33,1,699.66,43,North,2.4
556,480.7,0,578.31,40,West,6.7
557,426.8,0,537.68,40,North,1.0
558,405.76,0,534.38,35,North,0.3
559,551.03,1,668.97,35,South,2.2
560,524.06,1,669.55,28,East,2.6
561,540.82,1,679.31,41,South,1.7
562,442.59,0,565.65,39,East,0.5
563,427.27,0,569.47,39,North,1.4
564,402.91,0,577.46,29,West,0.7
565,470.12,0,610.56,13,South,1.1
566,517.98,1,616.24,45,East,2.1
567,478.45,0,510.45,30,North,2.7
568,487.49,0,620.53,26,East,0.5
569,580.83,1,657.49,41,East,1.0
570,469.65,0,575.05,31,East,0.6
571,502.8,1,616.58,45,North,0.4
572,556.73,1,629.98,41,West,3.1
573,479.31,0,603.83,41,West,4.8
574,524.42,1,687.43,21,West,0.9
575,572.47,1,676.19,47,East,2.8
576,589.9,1,626.21,37,North,4.5
577,429.41,0,541.26,31,East,3.7
578,585.32,1,712.94,36,West,0.4
579,498.42,0,554.69,17,West,6.3
580,451.65,0,576.49,39,North,0.9
581,491.83,0,594.64,24,East,0.8
582,596.01,1,724.98,21,South,0.1
583,498.52,0,602.7,19,South,1.3
584,465.75,0,550.26,46,West,0.2
585,526.68,1,701.91,28,North,0.6
586,448.03,0,564.06,50,East,0.8
587,415.17,0,548.28,29,East,3.3
588,425.78,0,527.47,17,West,4.2
589,425.61,0,542.07,23,West,0.7
590,430.38,0,531.68,47,East,3.9
591,427.77,0,551.47,33,East,3.9
592,528.17,1,718.26,29,West,2.9
593,436.38,0,520.67,36,East,0.3
594,469.13,0,533.07,40,South,2.3
595,579.36,1,741.75,46,West,5.8
596,494.79,0,590.6,49,East,2.3
597,533.51,1,650.03,31,West,0.8
598,434.46,0,591.88,21,North,1.4
599,438.46,0,544.91,30,West,2.1
600,408.17,0,599.68,37,West,1.4
601,433.79,0,580.61,25,North,0.3
602,455.72,0,558.79,25,South,0.7
603,435.4,0,625.96,38,East,3.2
604,417.74,0,532.47,34,North,4.0
605,424.13,0,576.74,35,West,0.3
606,492.16,0,604.27,27,East,6.1
607,441.27,0,603.81,32,North,0.8
608,472.85,0,630.56,25,East,2.2
609,500.68,1,651.37,43,East,2.8
610,538.08,1,650.24,45,North,3.3
611,407.86,0,558.52,16,East,5.8
612,559.88,1,665.6,25,South,0.8
613,525.58,1,725.75,20,North,3.9
614,416.35,0,553.91,28,South,0.3
615,574.72,1,683.87,34,West,2.4
616,584.17,1,706.05,20,East,2.7
617,412.22,0,506.92,25,West,2.3
618,455.38,0,544.08,24,West,0.6
619,561.24,1,722.76,37,East,4.1
620,549.65,1,660.08,35,North,0.4
621,436.9,0,530.74,27,East,0.1
622,441.87,0,581.22,36,West,2.5
623,474.09,0,620.03,29,West,1.3
624,496.9,0,619.71,32,North,3.8
625,523.65,1,694.07,51,East,1.0
626,473.78,0,561.57,48,West,0.4
627,492.51,0,552.85,22,South,3.6
628,549.49,1,724.74,43,West,1.6
629,407.34,0,534.72,43,West,0.4
630,450.49,0,562.77,23,North,2.5
631,542.67,1,715.45,43,South,1.4
632,579.04,1,714.11,50,West,1.9
633,502.34,1,665.08,23,West,1.2
634,506.42,1,718.8,25,South,3.5
635,421.43,0,533.56,45,East,3.5
636,489.48,0,621.52,37,East,2.5
637,506.52,1,655.62,40,West,0.2
638,448.49,0,577.15,38,West,3.7
639,453.85,0,618.16,38,East,2.2
640,475.46,0,600.51,21,North,2.4
641,404.01,0,558.56,45,South,0.9
642,464.42,0,610.82,46,South,4.2
643,442.29,0,554.43,32,North,2.6
644,465.5,0,554.12,34,North,0.2
645,423.95,0,523.03,19,North,1.0
646,578.11,1,637.87,40,North,4.3
647,518.72,1,722.92,40,North,0.1
648,535.82,1,638.4,34,North,6.5
649,557.83,1,678.06,46,South,2.3
650,499.69,0,591.51,31,North,2.0
651,417.38,0,559.65,40,East,0.6
652,507.42,1,678.92,24,North,0.6
653,517.37,1,686.24,34,North,5.7
654,549.09,1,661.96,33,South,0.7
655,486.33,0,586.79,37,South,3.0
656,425.52,0,563.79,31,North,1.0
657,456.76,0,566.59,33,South,0.3
658,472.62,0,631.79,43,West,0.0
659,529.18,1,682.24,30,South,1.6
660,514.16,1,680.54,18,South,7.4
661,471.22,0,602.62,52,South,0.9
662,597.3,1,743.59,48,South,0.9
663,521.15,1,668.12,22,East,0.8
664,447.45,0,529.56,41,East,1.5
665,420.36,0,564.2,29,East,1.2
666,430.57,0,538.8,37,North,4.2
667,449.19,0,553.66,37,North,1.4
668,432.14,0,576.87,32,West,1.4
669,437.31,0,599.54,27,East,0.3
670,457.02,0,574.85,28,North,8.1
671,434.67,0,570.07,25,South,0.6
672,579.35,1,748.68,26,South,0.2
673,416.05,0,556.85,34,East,2.2
674,504.9,1,730.99,27,West,1.8
675,482.08,0,606.21,41,West,1.1
676,596.48,1,655.06,49,South,1.1
677,422.41,0,576.04,29,West,3.1
678,479.57,0,599.18,37,East,0.4
679,593.89,1,745.03,39,South,3.4
680,573.1,1,714.06,39,North,2.1
681,563.41,1,683.89,35,North,1.1
682,451.58,0,534.22,42,West,1.2
683,434.18,0,554.24,39,South,0.6
684,533.73,1,644.72,22,South,2.8
685,585.88,1,684.11,43,North,1.4
686,511.35,1,674.47,43,South,0.8
687,514.32,1,708.69,27,South,1.8
688,456.0,0,585.44,35,South,10.9
689,553.9,1,646.46,41,West,1.1
690,437.41,0,575.78,32,South,5.1
691,464.74,0,614.74,45,East,0.8
692,485.09,0,572.76,58,West,0.1
693,501.52,1,646.89,27,South,0.5
694,448.48,0,569.53,21,South,1.1
695,422.97,0,530.23,38,East,0.5
696,522.12,1,682.72,42,West,0.0
697,457.73,0,571.01,32,North,4.9
698,516.25,1,672.33,49,North,3.7
699,430.87,0,531.9,21,West,2.7
700,496.23,0,584.61,41,South,0.4
701,506.52,1,675.58,28,South,0.3
702,410.36,0,535.03,52,North,0.1
703,467.32,0,632.2,54,North,2.6
704,426.88,0,544.14,27,North,5.3
705,412.67,0,554.35,29,East,1.1
706,597.99,1,736.77,43,North,0.3
707,464.47,0,536.13,31,East,1.4
708,561.97,1,634.36,34,West,0.9
709,450.93,0,524.79,35,South,0.9
710,536.3,1,709.66,15,North,1.9
711,552.05,1,664.67,34,South,2.5
712,519.13,1,738.22,28,South,0.2
713,494.32,0,579.66,30,North,0.1
714,482.37,0,594.96,49,North,10.3
715,469.77,0,628.13,22,West,0.5
716,585.91,1,761.73,43,East,0.1
717,566.12,1,751.52,32,East,0.4
718,593.01,1,742.05,32,South,0.1
719,424.86,0,585.64,42,North,1.0
720,546.17,1,695.48,38,West,3.2
721,587.67,1,725.95,40,West,0.8
722,436.25,0,545.21,44,West,1.2
723,413.3,0,523.43,31,West,2.3
724,548.22,1,678.83,28,West,1.4
725,514.89,1,653.83,24,East,4.0
726,568.37,1,677.42,26,East,4.0
727,427.95,0,577.66,64,East,0.0
728,559.05,1,714.09,47,North,3.0
729,440.33,0,566.85,21,South,1.2
730,432.73,0,603.96,21,West,9.0
731,432.85,0,525.46,39,North,1.3
732,562.91,1,681.94,40,West,8.7
733,533.04,1,648.32,40,East,2.8
734,504.61,1,596.77,32,North,0.6
735,471.77,0,580.58,33,East,1.5
736,575.44,1,691.61,38,West,9.7
737,478.49,0,632.5,35,West,3.9
738,563.32,1,706.92,12,South,0.2
739,487.83,0,561.97,32,West,2.5
740,475.39,0,640.86,26,East,0.8
741,492.54,0,632.15,36,West,0.0
742,460.28,0,593.63,64,South,1.0
743,549.52,1,672.92,38,South,0.5
744,500.54,1,621.54,31,East,3.4
745,446.44,0,556.7,44,North,0.8
746,579.91,1,730.61,39,West,3.5
747,476.78,0,642.6,39,South,0.0
748,508.71,1,701.52,41,West,0.7
749,581.29,1,684.11,55,West,0.6
750,524.85,1,631.32,23,North,0.5
751,423.38,0,558.25,39,South,0.1
752,587.97,1,649.73,25,West,0.4
753,525.54,1,675.02,40,South,1.6
754,466.98,0,575.76,25,East,0.7
755,427.85,0,542.73,30,East,1.1
756,558.81,1,637.44,32,West,0.9
757,524.01,1,679.82,44,South,4.2
758,506.69,1,638.03,44,West,4.7
759,578.78,1,662.17,22,South,1.4
760,557.72,1,598.46,35,South,0.8
761,430.33,0,557.38,27,North,0.2
762,462.34,0,630.57,22,North,6.1
763,449.7,0,619.66,32,North,0.1
764,548.79,1,665.56,31,West,0.7
765,406.71,0,525.96,59,North,0.7
766,513.98,1,672.45,39,North,0.8
767,552.49,1,651.54,21,East,0.4
768,575.35,1,704.27,29,South,3.1
769,468.42,0,604.03,45,South,0.3
770,564.25,1,725.36,55,North,2.0
771,422.13,0,550.27,19,South,0.3
772,569.29,1,685.46,16,East,0.1
773,425.5,0,528.96,53,East,4.8
774,479.46,0,562.87,38,North,0.4
775,559.46,1,678.88,26,East,3.4
776,429.98,0,569.01,40,South,1.6
777,445.85,0,594.92,8,West,0.2
778,544.45,1,652.57,35,South,6.2
779,544.01,1,721.19,38,West,0.6
780,528.23,1,658.8,44,North,3.9
781,538.79,1,672.63,24,West,0.4
782,508.54,1,632.71,35,East,3.8
783,450.36,0,497.49,25,South,0.0
784,469.14,0,608.0,37,West,1.4
785,436.32,0,583.9,26,South,2.9
786,581.69,1,690.57,30,North,5.5
787,516.68,1,662.02,25,North,4.8
788,480.17,0,603.58,41,East,3.4
789,492.4,0,548.56,43,North,4.4
790,589.46,1,687.8,32,West,0.4
791,430.67,0,582.23,35,North,0.7
792,517.25,1,622.72,20,East,0.7
793,501.18,1,659.51,32,South,0.9
794,522.29,1,622.68,34,South,1.0
795,403.62,0,556.17,61,North,1.6
796,574.42,1,693.59,23,West,0.3
797,586.42,1,653.4,49,East,2.4
798,513.03,1,692.76,44,West,0.4
799,539.33,1,651.56,37,East,0.7
800,584.5,1,676.39,52,North,1.4
801,541.45,1,680.89,38,East,3.2
802,430.51,0,592.76,38,East,2.7
803,515.26,1,628.68,34,North,2.1
804,521.34,1,664.66,47,West,0.3
805,484.83,0,603.76,45,North,1.6
806,547.29,1,699.17,28,East,0.2
807,586.87,1,707.42,21,North,0.9
808,585.11,1,690.06,32,East,1.1
809,490.17,0,569.27,26,North,0.1
810,422.65,0,556.17,34,South,0.6
811,596.97,1,676.02,47,South,6.2
812,567.78,1,603.03,30,North,6.1
813,424.93,0,568.06,34,West,0.9
814,584.17,1,727.62,35,East,0.1
815,573.98,1,623.5,43,South,0.4
816,503.77,1,621.97,12,West,1.0
817,518.26,1,679.53,28,East,5.9
818,479.8,0,649.61,37,South,0.3
819,410.95,0,547.2,47,South,2.9
820,467.04,0,558.38,30,North,0.2
821,560.57,1,680.86,16,East,8.0
822,400.93,0,581.8,41,West,1.0
823,466.7,0,560.64,28,West,3.0
824,479.63,0,563.8,23,West,0.8
825,507.48,1,640.01,28,East,2.0
826,583.97,1,671.78,33,West,0.4
827,469.27,0,585.24,28,West,0.3
828,469.39,0,630.37,12,West,5.6
829,547.5,1,688.19,43,North,5.0
830,490.44,0,586.7,47,North,4.4
831,444.92,0,558.2,41,East,2.0
832,490.49,0,547.4,23,East,3.3
833,428.17,0,583.4,32,West,0.1
834,435.28,0,558.83,34,North,0.8
835,499.67,0,594.39,40,South,0.8
836,483.79,0,686.06,41,South,2.0
837,582.97,1,708.74,27,West,0.9
838,472.48,0,560.93,35,West,0.3
839,516.12,1,646.88,39,North,1.8
840,526.45,1,700.33,49,North,3.4
841,402.62,0,544.97,42,North,1.0
842,532.71,1,626.48,42,East,0.3
843,435.61,0,588.94,35,East,0.4
844,592.21,1,685.28,49,West,0.5
845,429.73,0,614.04,39,East,0.7
846,482.92,0,622.16,26,North,2.1
847,417.07,0,536.82,49,North,1.8
848,599.37,1,748.06,41,East,2.4
849,500.44,1,652.3,30,South,0.9
850,519.08,1,687.03,30,West,3.5
851,413.42,0,562.59,37,South,0.5
852,549.99,1,654.6,39,West,1.3
853,441.98,0,545.88,36,South,3.2
854,579.61,1,728.67,38,East,0.4
855,441.03,0,554.57,51,West,0.2
856,438.14,0,550.77,45,West,4.3
857,407.31,0,515.73,36,West,0.8
858,494.41,0,609.36,44,North,2.3
859,512.97,1,719.66,24,North,0.1
860,413.14,0,515.86,38,South,2.3
861,555.11,1,683.79,53,East,0.8
862,490.66,0,636.76,32,North,0.1
863,504.88,1,650.54,26,West,1.9
864,488.15,0,606.46,28,North,0.6
865,480.15,0,556.22,24,East,1.0
866,511.93,1,670.01,27,North,0.2
867,431.05,0,553.01,31,West,0.3
868,436.39,0,591.4,20,South,0.7
869,572.36,1,729.04,35,West,0.2
870,589.22,1,781.22,44,East,4.8
871,474.66,0,602.19,25,South,0.0
872,454.15,0,582.26,50,North,1.3
873,528.8,1,673.11,40,North,0.3
874,481.75,0,578.45,45,North,0.7
875,405.08,0,553.2,28,South,5.2
876,431.23,0,549.88,43,West,0.4
877,543.19,1,680.97,24,South,6.8
878,531.78,1,708.6,43,South,0.5
879,405.42,0,513.06,36,East,2.7
880,444.39,0,600.83,40,South,1.6
881,446.21,0,607.24,23,North,4.3
882,534.38,1,667.09,26,West,1.6
883,403.94,0,478.71,40,West,1.5
884,420.82,0,534.26,25,West,0.4
885,559.98,1,724.9,39,North,0.4
886,435.71,0,560.74,21,North,5.0
887,530.55,1,638.35,43,North,0.8
888,447.64,0,553.44,22,North,0.9
889,419.89,0,577.15,40,North,2.9
890,448.63,0,585.58,41,South,0.8
891,544.45,1,669.5,28,North,6.1
892,571.14,1,681.68,40,North,2.7
893,566.04,1,677.87,37,North,1.8
894,479.44,0,559.99,29,North,4.3
895,533.62,1,718.63,24,West,0.1
896,441.0,0,554.93,15,North,0.6
897,458.63,0,611.69,38,South,1.3
898,579.27,1,743.2,19,South,0.5
899,402.6,0,571.51,35,South,2.7
900,417.1,0,537.31,32,East,5.0
901,441.58,0,577.06,41,West,1.1
902,405.31,0,542.46,31,North,0.8
903,436.29,0,534.66,31,East,6.5
904,516.61,1,669.7,42,North,1.2
905,484.28,0,555.2,38,East,1.3
906,578.53,1,732.75,38,East,0.9
907,563.49,1,674.15,39,South,4.8
908,468.36,0,587.05,19,South,1.7
909,451.88,0,579.63,42,East,2.9
910,475.94,0,577.8,41,South,3.3
911,518.06,1,678.44,24,East,0.8
912,453.61,0,557.92,32,West,1.1
913,524.83,1,691.04,34,South,3.8
914,481.88,0,548.75,33,South,0.9
915,510.41,1,660.04,38,South,3.2
916,487.23,0,650.5,49,West,5.7
917,458.89,0,545.33,45,East,2.0
918,589.69,1,683.48,21,North,2.7
919,552.72,1,697.05,41,South,3.3
920,428.02,0,562.2,48,East,3.7
921,573.69,1,704.74,38,West,1.0
922,497.49,0,613.17,45,North,0.1
923,578.91,1,716.39,55,South,1.0
924,559.97,1,719.27,45,West,2.2
925,485.04,0,603.32,37,West,1.2
926,404.49,0,535.46,45,North,2.8
927,453.74,0,592.42,36,East,0.9
928,508.33,1,711.99,35,South,2.0
929,526.7,1,662.04,31,South,0.4
930,451.58,0,541.71,50,East,2.8
931,427.87,0,589.94,26,East,1.6
932,566.99,1,686.58,50,East,0.5
933,596.88,1,642.95,39,North,0.7
934,505.14,1,678.51,21,North,2.8
935,434.34,0,544.54,38,South,1.3
936,454.46,0,569.96,13,North,0.5
937,403.68,0,552.17,41,West,6.8
938,582.86,1,705.43,43,South,2.5
939,423.55,0,575.41,29,North,6.3
940,515.3,1,646.12,36,East,1.1
941,454.81,0,588.28,54,West,1.3
942,510.84,1,648.71,29,East,4.6
943,530.28,1,690.33,24,South,1.5
944,565.95,1,708.03,49,East,2.5
945,441.28,0,536.71,54,North,0.6
946,402.2,0,573.9,35,North,1.2
947,427.38,0,540.35,45,South,0.3
948,580.0,1,722.24,48,East,0.5
949,574.78,1,705.89,27,South,0.0
950,519.48,1,716.84,30,East,0.1
951,520.1,1,655.36,47,West,7.6
952,533.01,1,659.32,51,North,0.6
953,435.07,0,560.46,40,South,2.2
954,582.88,1,690.63,26,West,3.7
955,483.75,0,614.25,54,West,1.6
956,476.63,0,537.49,29,South,0.3
957,503.78,1,620.66,31,South,2.6
958,409.39,0,513.6,38,West,1.8
959,433.26,0,588.46,50,East,2.6
960,547.61,1,729.88,43,West,2.9
961,416.56,0,546.8,39,South,7.4
962,520.63,1,657.31,39,West,1.7
963,449.07,0,571.54,35,East,0.8
964,477.86,0,621.57,40,North,2.1
965,457.74,0,546.82,9,North,0.1
966,471.13,0,589.83,32,West,4.6
967,543.81,1,705.54,37,East,0.3
968,459.42,0,590.69,23,North,0.8
969,513.28,1,663.66,38,West,3.4
970,495.21,0,627.16,32,West,1.8
971,532.73,1,588.54,52,East,1.0
972,587.37,1,722.76,50,South,1.3
973,546.51,1,658.29,30,West,3.9
974,442.99,0,510.87,33,South,0.8
975,406.24,0,559.08,34,South,4.1
976,452.45,0,612.68,30,North,0.2
977,519.02,1,657.29,36,South,3.0
978,410.29,0,574.76,27,East,3.8
979,499.27,0,647.93,23,North,0.4
980,519.37,1,701.07,41,North,1.1
981,466.85,0,629.31,41,North,0.4
982,554.18,1,704.77,26,West,2.5
983,421.32,0,555.05,43,West,1.5
984,415.03,0,500.96,28,South,2.0
985,545.64,1,670.0,37,North,0.4
986,499.1,0,574.16,43,North,0.5
987,537.68,1,737.74,34,East,0.1
988,486.97,0,586.9,39,South,0.8
989,449.28,0,573.26,29,East,1.6
990,563.82,1,704.84,33,South,3.9
991,559.88,1,687.24,32,South,2.2
992,538.94,1,724.22,27,West,1.1
993,454.43,0,553.98,33,West,6.1
994,518.05,1,666.67,19,East,2.5
995,472.19,0,561.04,30,South,5.3
996,418.32,0,511.39,32,North,1.5
997,583.46,1,681.72,32,West,0.6
998,427.36,0,555.31,32,North,0.1
999,590.05,1,691.15,34,East,2.6
1000,489.2,0,572.75,39,West,0.3
