StoreID,Campaign,Week 1,Week 2,Week 3,Week 4,Week 5,Week 6,Week 7,Week 8,Week 9,Week 10,Week 11,Week 12,Week 13,Week14,Week 15,Week 16,Week 17,Week 18,Week 19,Week 20,Week 21,Week 22,Week 23,Week 24,Week 25,Week 26,Week 27,Week 28,Week 29,Week 30,Week 31,Week 32,Week 33,Week 34,Week 35,Week 36
1,Version A,6373.5,5936.47,5375.07,6080.16,6199.45,4699.9,4382.08,3041.87,4275.58,3604.58,3813.68,4765.97,4761.03,4265.88,3605.19,4773,3681.51,4177.86,3087.96,2000.43,2990.34,1977.73,3271.28,2779.54,3257.05,3813.72,3473.38,2706.13,3153.14,1601.23,981.77,2050.92,1404.12,1070.3,925.58,1886.17
2,Version C,6267.54,5850.91,6268.51,5291.65,5721.18,4872.7,4033.55,3539.58,3813.52,2867.72,3242.7,4493.7,4847.08,5522.35,4964.31,4865.56,4063.94,3444.46,3538.81,4143.95,2804.69,2950.4,4062.99,4486.81,3058.94,4672.55,4395.09,4245.31,4415.92,3897.07,3021.98,1849.83,2361.67,1734.07,3002.19,1743.89
3,Version C,5732.96,4940.43,5651,5008,4341.35,4009.75,3570.7,2818.54,2857.59,3977.87,3396.3,3557.07,4019.45,4593.16,4963.84,4455.32,4118.09,3554.46,4301.94,3544.04,3466.96,2392.32,2374.63,3014.38,3680.85,3093.37,4219.86,3807.97,2929.9,3278.19,1755.54,2706.79,1877.03,1861.47,1835.02,1380.59
4,Version C,5339.9,5510.28,6265.68,5259.46,4654.29,4565.48,4645.01,3812.09,3370.65,4058.12,3330.79,4833.51,5168.35,6212.47,6287.77,4673.41,4898.5,4320.98,4527.51,4769.83,4250.37,3296.68,3607.91,4346.79,4080.5,4616.61,4199.38,3433.02,3921.57,2957.36,1715.71,1893.32,1855.61,1215.51,3285.34,2881.08
5,Version C,4535.91,5170.5,5730.82,4615.42,5082.16,3448.56,3051.38,3389.01,2985.26,3662.11,3129.54,3136.89,3902.57,3760.3,3721.46,4727.19,4387.45,2927.47,3626.52,3875.69,3496.45,3399.66,3203.62,2782.24,3039.54,4017.98,3178.01,3445.32,2862.72,3260.45,2072.28,2681.79,1256.32,1370.65,2386.48,2257.73
6,Version C,4812.58,4841.51,4831.71,5043.56,4320.81,4490.09,3448.51,2758.68,3326.04,2932.73,2803.89,2921.61,4012.05,3849.9,4511.27,3917.74,4307.94,3499.81,2970.72,3031.36,2236.01,2432.72,2117.26,2844.01,2504,3142.94,2994.67,2446.79,3634.5,3165.26,1565.3,2613.96,1008.51,1205.14,2525.91,2416.03
7,Version B,6379.96,5279.92,6324.89,5904.9,4382.31,4919.98,4107.58,3773.13,4130.81,3818.64,3798.96,4081.16,5045,4540.25,5751.47,5524.08,5001.77,4524.27,3533.66,4332.46,2451.59,3302.79,3105.14,3823.53,3530.27,3183.92,3718.05,3864.33,3424.61,2722.19,3161.88,2085.55,2117.44,1812.92,1725.25,2427.65
8,Version A,5730,5506.98,5447.76,6425.85,5246.28,4254.19,3844.37,4002.8,4504.81,4163.47,4632.17,3558.09,4714.91,4674.52,4286.63,5215.58,4215.59,4197.27,4019.01,2538.33,3813.57,2662.68,2205.2,2438.62,3776.59,3851.98,2690.52,3636.85,1864.25,3054.69,1928.27,1663.16,1032.17,1075.23,1947.54,1781.85
9,Version B,4101.16,4419.69,5200.7,4522.6,4765.21,3855.69,2822.71,3653.91,3026.55,3645.13,2311.56,2945.28,3614.3,3127.7,4148.83,4055.12,2401.06,2291.53,2219.2,2382.65,2278.06,1478.34,2541.2,1521.84,2528.79,2056.86,2711.81,2529.62,2448.33,1682.43,1212.5,404.01,303.82,1512.03,1395.15,904.56
10,Version A,5208.78,6639.42,5716.37,6567.76,5945.06,4825.84,5035.75,3802.12,3968.77,3237.61,3034.59,3679.57,3598.41,4477.81,3831.3,4348.7,3590.4,4395.47,3017.84,2170.7,2550.16,3109.91,3041.89,2635.12,3200.25,2319.17,4243.83,3945.53,2360.22,2924.79,2113.57,1888.03,629.63,1210.58,2103.45,2213.25
12,Version A,5314.68,4811.95,4976.7,5008.53,5481.72,4957,4419.39,3124.04,3240.23,4206.48,2694.75,3828.59,3792.54,3503.61,4556.43,3171.33,4180.65,3430.92,2150.37,1793.49,2261.22,2030.3,2860.6,2756.9,2237.69,2283.92,2402.45,2876.63,1571.97,2195.25,1172.63,1181.47,1597.5,760.18,1190.45,2196.38
13,Version A,6694.01,5545.27,6284.97,6454.26,6320.34,4589.01,5324.25,3361.09,4923.4,4956.85,3329.12,5211.5,3882.31,4453.62,4273.98,4625.48,4707.83,3358.85,3893.54,3131.82,3633.73,3535.76,3558.33,3272.6,3492.97,2705.15,4313.8,2509.03,3439.04,1759.31,1634.64,1791.31,377.52,375.11,1724.46,1143.05
14,Version B,5603.94,6530.05,6578.16,5307.47,5349.33,5533.12,4239.74,3001.73,3709.47,3457.59,3711.86,3358.6,3753.81,4060.03,3806.92,4694.79,3261.21,4356.16,3606.35,3459.12,3207.27,1737.19,2101.51,3058.53,2400.11,3576.52,3120.5,2717.3,2885.05,2929.03,2395.55,961.37,1007.81,1163.85,914.24,1838.78
15,Version A,4683.25,4323.5,4779.54,4130.02,4268.99,3232.63,3984.84,3323.74,2675.66,3751.29,3051.98,2920.43,3399.68,4044.66,4127.7,3911.34,2444.79,3259.62,3108.43,1583.08,1956.69,1551.04,1563.3,1675.57,2409.56,2619.53,3428.05,3157.1,2422.54,1676.79,1487.52,452.6,262.9,444.59,894.36,610.76
16,Version A,5249.93,6103.72,5390.76,5657.53,4476.48,3723.11,4289.48,3612.34,3240.31,3236.14,4102.67,4225.9,3315.33,3511.07,3492.76,3933.81,3068.13,3676.05,2837.28,3241.65,1710.16,2027.84,2433.8,1802.66,2386.85,3122.49,3333.18,2359.5,1722.05,2010.34,2310.4,778.98,1095.27,859.94,2068.2,2147.71
17,Version A,6606.29,6557.75,5461.95,5892.24,5825.72,5450.41,4327.33,4454.15,3643.34,4842.63,3964.09,4716.35,4132.13,4933.91,4052.39,4129.61,3049.85,2859.41,3035.3,3254.74,3098.37,3237.03,3196.05,3454.64,3906.17,3719.47,3281.56,3506.84,2642.05,1933.36,1049,1604.78,829.53,1680.8,1588.44,2560.94
18,Version A,5560.7,4409.25,4427.51,4362.11,4858.81,3308.64,4265.66,2841.87,3090.93,4065.09,3040.87,3110.75,4217.69,3406.85,3337.81,2928.94,3938.85,2255.74,2566.59,2155.53,2162.29,1573.59,2593.9,1637.27,1861.27,2105.22,3458.41,2187.48,1661.45,1451.82,2042.3,731.3,1224.42,1700.26,842.9,824.37
19,Version B,4214.99,4737.99,4986.08,4581.63,4574.65,3273.73,2794.15,2942.57,3696.96,3470.04,2515.38,3791.84,3077.29,3687.13,3640.42,3195.56,2937.35,3307.78,2005.58,2052.09,2763.19,1995.71,1545.86,2529.23,2121.8,2373.66,2652.87,2366.52,2157.55,2367.96,926.88,1173.05,738.69,763.15,681.18,680.6
20,Version A,5837.14,5978.09,6904.47,5993.7,6798.72,5135.32,4756.02,4068.54,3811.81,4520.98,4419.62,4615.46,4446.53,4705.52,3968.5,4958.01,4726.96,4114.44,4018.63,3652.69,3339.38,2895.89,3440.18,2296.25,3326.7,3272.18,2778.85,3676,2142.94,2800.8,2160.28,1580.37,1356.77,1786.52,949.59,1749.96
21,Version C,5456.9,6010.16,7035.24,6317.72,5324.66,4740.26,3718.97,3161.58,4048.86,4883.62,4416.61,3395.8,3826.55,5258.14,5009,3995.85,3393.39,4050.07,3766.87,2289.75,1956.07,2797.16,1920.64,2956.88,3874.8,2746.37,3902.85,2404.56,2998.15,2033.29,2666.95,1372.27,1592.42,877.19,1779.59,1761.28
22,Version A,5290.23,4509.11,4479.19,5370.6,4356.56,4027.46,3398.3,2483.51,3240.48,3675.2,3564.03,3732.02,2981.72,3879.99,4231.19,4120.01,3433.09,3564.15,2757.8,2567.18,2718.16,1930.49,2420.36,2055.63,2940.05,2845.32,2195.9,2377.65,2296.39,1131.52,1964.17,1604.08,964.27,836.17,1414.04,1269.8
23,Version A,4729.1,5495.75,5684.97,5680.96,5185.58,4996.34,3409.82,3386.89,4475.92,4217.97,4295.64,3682.38,4265.99,4531.86,4203.93,4667.99,3387.24,3171.46,3146.56,3166.43,2657.16,2110.15,2709.57,1815.17,2789.55,2967.82,3855.2,2554.9,2034.4,2306.5,1494.93,1570.17,1693.1,1061.83,2252.21,760.84
24,Version A,5836.05,5958.88,6617.63,6486.54,5585.72,5864.14,3510.83,4782.61,4512.79,3393.79,4709.93,5037.24,3494.94,5162.68,4497.09,5445.92,4383.32,3881.42,3985.83,3335.65,2891.21,3688.31,1834.85,3278.61,3045.91,3301.39,3679.84,3479.52,1838.86,2077.16,2546.96,716.71,1364.91,1539.77,1614.41,1928.46
25,Version A,6363.36,5203.95,5712.78,5701.56,5974.8,5107.25,4427.7,3522.69,3806.24,4139.72,4207.55,3654.14,4526.33,3783.13,4870.76,3913.98,3168.94,4168.51,3506.52,2668.48,2437.54,2759.31,1724.21,2774.77,2897.28,2532.02,3564.37,2387.18,2463.15,1950.23,1331.75,422.1,1796.4,2032.78,2046.03,2428.73
26,Version A,4069.41,5023.71,5032.95,5170.14,3943.41,4174.58,3315.32,3414.05,3104.24,2853.16,2749.41,3853.13,3534.06,3892.01,2811.34,3446.06,3505.06,2785.95,2189.95,1745.6,1545.2,2612.58,2121.3,2776.57,1936.14,2444.95,2391.87,2780.44,1494.95,2175.1,1377.29,672.95,908.21,581.14,1129.77,1642.18
27,Version A,6201.67,5520.57,6780.06,5295.62,5458.35,4375.76,4501.85,4011.55,2973.22,4002.56,3188.6,4647.43,3689.6,3905.01,3730.31,4870.83,3010.35,3102.69,3093.13,2211.01,3417.08,1960.06,1707.18,3344.6,2677.45,3786.77,3010.44,3919.59,2293.44,1559.32,1627.25,1994.39,1365.38,1380.21,1007.33,2285.36
28,Version C,5103.2,4184.3,4785.69,4506.23,4292.27,3582.47,4251,3290.89,2847.01,2550.22,3262.05,3830.75,4807.85,4487.4,3944.48,4807.72,4467.36,3213.51,4000.13,3411.34,2050.34,2410.03,2599.8,3069.44,2653.98,3277.97,3406.19,3615.51,3490.77,3156.28,2028.81,2297.09,1407.33,1271.88,2585.94,2666.86
29,Version A,6972.32,6289.99,6523.27,5680.32,5346.32,5332.35,5535.7,4806.12,3652.16,4123.22,4282.78,4138.13,6012.58,4528.45,5271.67,5375.87,4026.49,5113.8,4269.91,4708.42,3397.69,3727.03,2840.8,4648.41,4078.87,4361.86,3714.61,3586.9,3491.54,3764.46,2759.75,3031.4,2892.11,2099.7,2145.2,3297.57
30,Version B,4235,5325.49,5098.06,4395,3841.9,4673.63,3451.09,3004.34,3946.4,2725.21,2473.23,3258.86,4356.71,4972.99,3548.09,3996.63,3552.52,3693.56,2793.55,2667.26,3159.37,2724.74,3062.85,3042.48,2789.88,2938.04,3992.99,2622.03,3191.9,2530.37,2705.14,1309.81,1057.46,1924.8,2292.91,1887.92
31,Version B,5015.85,6345.28,6541.4,6321.52,5375.32,4657.88,5226.42,3467.26,4714.41,3556.83,3563.18,5190.18,5136.96,5800.13,5350.6,4473.51,4435.13,3931.91,4262.7,3067.74,2953.49,3652.21,3000.82,3305.32,3260.17,4194.6,3908.12,4598.58,4566.76,3970.95,2742.59,2171.76,1727.89,2063.53,1983.63,2333.88
32,Version B,4898.99,4660.62,4672.34,5588.78,5193.6,4602.05,3764.07,3795.05,3417.53,2790.59,2934.76,4229.26,3976.07,4961.25,4188.46,5212.68,3890.68,4033.46,4097.03,2618.79,2669.91,3316.86,3143.37,3981.66,3113.9,2966.12,4234.86,3152.43,3670.81,2521.22,2675.71,1662.01,2556.79,2068.77,2068.18,2743.49
33,Version C,4228.45,4963.35,4562.41,4411.05,4301.98,3733.04,2868.25,3709.41,3161.81,2699.81,3186.02,2842.46,4241.14,3823.11,4664.65,4449.43,3815.31,3738.09,3759.27,2640.7,2799.63,1860.29,3021.5,3518.32,3027.98,2735.67,3494.96,3196.43,2577.3,2870.61,2168.28,1757.19,1161.11,1428.45,1306.15,2587.07
34,Version C,4341.16,4802.8,4446.5,4635.31,3741.78,4053.25,3507.7,3026.36,2788.42,3513.92,3245.59,3921.26,4342.26,3656.99,3602.98,4007.53,3022.99,2929.33,2696.02,2316.81,2905.59,3019.86,2658.84,3552.23,3270.08,2786.66,3596.91,3592.28,3014.48,2143.68,1546.84,1455.75,1520.67,1986.37,1872.45,1891.55
35,Version C,5325.3,5712.21,4753.55,4635.73,4433.84,4791.48,4764.7,4258.72,3174.48,4032.5,2790.61,3807.91,4652.41,5166.05,5119.6,4142.13,4984.25,3673.2,4139.4,3322.52,2276.24,2785.11,3003.95,3229.1,3340.25,3167.92,4210.17,2948.74,2714.5,3371.9,1903.94,2510.41,2126.67,2042.49,1792.63,2223.68
36,Version B,5281.9,6418.84,6183.56,5752.55,5184.14,4434.19,4295.43,3979.71,3600.43,3858.29,3066.81,4597.63,5267.63,5057,4958.33,4358.22,5127.58,3447.5,3710.78,4228.35,2563.56,3431.8,3654.34,3486.17,3011.48,4120.42,4392.51,3861.86,4202.48,2396.5,1730.9,2067.93,2374.79,2052.63,2444.83,2120.85
37,Version B,6513.04,6369.14,6965.12,5189.78,5691.6,5713.3,4587.99,4474.61,5042.64,3139.43,3014.66,4585.55,5249.18,5278.09,4600.33,5528.46,4960.83,4685.99,4225.42,3932.73,3906.25,3528.79,3018.59,4007.04,4397,3305.52,4331.03,4108.32,3918.55,3747.51,2261.39,1767.8,1602,1128.08,2386.28,2307.67
38,Version C,5219.42,4528.88,5675.85,5210.8,4392,4010.08,3411.02,4062.83,3145.64,2852.63,2711.66,3846.62,5201.79,4834.91,3926.37,4745.21,3432.33,3468.51,3314.13,3131.12,3172.44,3324.55,3300.97,4004.81,3539.2,3981.03,3617.14,3086.25,2799.2,2097.09,2126.74,2617.69,2116.78,1137.9,1835.2,2261.66
39,Version C,6010.59,5840.16,5859,4855.34,4943.43,5237.1,3559.88,3466.58,4387.85,3554.54,4133.49,4830.59,4826.03,5578.98,5790.68,4275.96,4370.94,4305.61,4096.38,3302.68,2695.47,2448.95,3627.9,4233.03,2952.29,4725.86,4534.27,3582.92,3221.5,2402.58,2896.99,2371.96,2231.24,1038.19,2529.04,2621.99
40,Version C,6564.8,5354.76,6577.47,6427.21,5555.59,5396.53,5558.81,3649.06,5001.46,3647.21,3907.94,4419.13,6521.31,5854.08,5155.91,4924.73,5490.11,3553.89,4099.35,3157.74,3142.19,3214.29,2806.19,4324.57,4363.55,4545.33,3972.69,3947.37,4434.25,2850.22,2097.3,2258.25,2972.1,1913.94,2813.25,2258.17
41,Version C,6036.14,5593.26,5384.64,5619.52,4955.21,3802.7,3548.02,4234.36,3642.41,3579.53,3328.7,3619.66,4107.42,5255.96,4886.04,3892.13,3556.5,4146.44,3018.62,4010.8,3212.66,2787.49,2287.16,4232.13,3546.22,3098.57,4082.51,3204.37,3796.4,3600.89,2315.02,2381.18,1576.42,2487.6,1987.54,1559.43
42,Version B,5220.95,6185.26,6813.95,6586.08,4402.06,4789.62,3880.42,4809.21,4475.6,3192.8,4473.02,4361.64,5145.4,5083.53,6200.18,4853.97,3985.37,4305.61,4794.64,4346.34,4185.63,3986.41,2700.83,3786.08,4530.79,3679.91,4386.23,3610.5,3283.42,3855.83,3428.41,2836.14,1595.25,2378.9,2484.77,3392.92
43,Version C,6764.28,5345.14,5445.11,5942.83,5229.85,4131.91,3910.12,4271.05,4153.53,4243.89,3161.44,4486.84,6173.45,5013.86,4914.4,5689.11,4984.85,4428.28,3948.98,3005.96,4019.79,3445.31,2988.94,4424.81,3676.68,4620.58,5129,3680.4,4642.32,4255.18,1962.15,2160.72,2213.76,1428.85,3162.94,2817.77
44,Version B,6466.92,5286.5,6027.08,6239.52,5451.56,4579.72,5299.76,4178.23,3689.9,4422.35,3889.99,5100.46,5354.36,5309.01,5503.88,4577.35,5503.89,4416.21,3574.69,3727.74,3734.1,3686.85,2845.21,2998.22,3520.65,4125.88,3973.2,4577.85,4172.12,3704.75,3259.83,2854.46,2846.73,2327.66,2547.32,2017.25
45,Version B,4535.61,5161.7,4841.29,4379.34,4107.58,4552.75,3797.76,3680.76,3211.28,3370.87,3570.12,3335.63,4736.68,3981.45,4338.94,4242.49,4452.93,4288.83,3445.8,3258.45,3115.05,2671.42,2435.92,3368.26,2926.11,3703.77,4097.67,3991.31,2842.73,3505.2,2333.28,2172.93,2472.87,1827.81,1348.87,2869.98
46,Version C,4772.14,4215.35,4762.56,4211.23,3899.74,3698.51,2907.82,2604.36,2533.16,3468.36,2991.08,2780.67,4562.51,4678.58,4748.89,4137.73,4350.47,2874.29,3346.31,3317.46,2440.46,1895.76,3333.38,3069.46,3649.38,3725.98,3147.26,3259.91,3497.42,2183.9,1791.04,2360.93,1059.47,1534.87,1669.8,2275.53
47,Version C,5099.58,5797.32,5422.05,5134.58,4015.09,3640.6,3212.59,3860.15,4390.66,3133.04,3623.35,3403.5,4745.85,4173.22,3949.64,3876.92,3983.95,4316.43,3720.3,4118.05,2262.43,2304.79,2511.63,3751.43,3097.23,3997.69,3418.17,3304.35,3615.64,2866.7,2924.21,1932.88,2488.69,1979.94,2523.16,2359.08
48,Version A,4046.22,4440.87,4427.88,4133.63,4540.92,3545.87,3561.89,3623.82,3525.88,3484.43,2700.58,3193.84,3685.03,4753.71,4851.77,3570.12,4269.07,2799.13,3292.74,2918.99,3163.98,1815.28,3227.55,2418.7,2773.88,3236.09,2983.69,3553.77,3242.16,2018.69,2528.57,1407.35,2105.7,839.96,1473.51,2571.64
49,Version C,3985.56,4785.5,5035.82,3969.91,4084.82,3670.98,3948.86,2905.1,2614.94,2305.94,2696.52,3522.59,4230.9,4450.81,4268.52,3797.5,4373.05,3630.93,2583.25,2322.73,2116.15,2966.87,2227.17,2676.17,3207.88,3728.35,3016,2854.84,3055.51,3058.49,1919.55,2072.75,2320.35,1003.5,1261.22,2351.6
50,Version B,6248.8,5080.76,5702.06,6208.17,4330.89,3875.16,4705.84,4016.57,3447.13,4281.11,3220.85,4973.15,4887.68,4270.47,5337.53,5667.33,4682.16,4424.43,4365.27,2701.29,3641.11,2978.79,3078.56,3794.73,3035.53,3966.54,3086.34,3942.89,3557.22,3821.66,2030.76,1916.95,1171.64,2104.68,2327.26,2942.26
51,Version C,5078.35,5223.73,5487.1,5069.1,4588.15,3746.02,3386.5,3586.43,3894.62,3165.64,2694.43,3508.28,4652.23,4541.68,4195.84,4966.86,4624.51,3322.47,3390.91,3629.01,3027.22,2899.71,2607.62,3932.67,3338.46,3607.72,4156.11,3916.11,3202.95,3035.18,2445.15,2535,1990.37,2350.06,1922.51,1987.81
52,Version C,4293.01,4768.2,4285.11,4931.46,4296.62,3274.28,3495.23,3590.33,2987.95,2401.96,2600.31,3654.16,4065.16,4714.66,3666.29,3981.21,4236.43,3412.62,3105.19,3147.96,2072.9,2047.94,3310.14,3552.28,3152.04,3091.28,3218.28,2540.73,2516.89,2493.65,2431.61,2335.83,1987.38,1969.93,2424.88,2474.7
53,Version B,5925.49,5907.04,5759.39,5929.26,4943.36,5093.18,4845.73,3885.48,3763.44,3446.43,3147.4,4977.57,5728.91,4685.29,4320.21,6032.33,3830.31,3780.58,4325.35,4567.59,2677.66,3939.8,3179.01,3093.3,4694.09,3986.81,4685.05,3865.6,4535.46,2683.68,2935.14,2099.35,2204.47,2219.69,1563.59,2056.65
54,Version B,5110.38,4663.11,5343.5,4467.84,4656.92,3317.45,3458.44,2624.36,4051.77,2862.28,2693.28,4148.73,3971.46,3830.03,4364.19,3995.66,4180.64,3785.6,2867.16,2761.62,2899.41,2567.81,2347.92,2622.47,3207.1,3752.14,3927.85,3438.22,2608.66,2357.76,2266.05,1340.54,1895.31,2244.01,1335.81,2234.57
55,Version B,5880.29,5102.82,5035.96,5349.65,3768.71,3782.51,4284.26,3712.06,3925.11,3203.29,2519.8,4253.89,4894.09,5090.41,4838.03,3889.11,3917.64,3130.12,3730.91,3442.42,3555.74,3480.93,3392.92,4029.07,4155.41,4143.96,3485.38,3366.89,3405.99,3442.09,2266.3,2014.1,1520.98,1830.4,2283.81,2872.02
56,Version A,4851.05,5128.44,6425.36,4903.97,4889.66,4728.64,4553.55,4103.74,4648.43,4220.43,4141.01,4974.06,4647.12,5246.13,5010.12,5341.55,4008.68,3600.52,4425.96,3784,2370.02,3073.36,2582.54,3160.96,3961.89,3689,3580.75,3751.59,4200.21,3052.83,2562.99,1839.98,1204.5,1503.57,2485.09,2915.14
57,Version B,6889.14,6815.04,6069.68,6422.01,5982.54,4955.52,5517.82,4651.88,5044.65,4473.07,3866.52,3894.07,5544.83,5093.11,5846.15,5094.53,5590.9,5327.69,4172.53,4927.37,3448.39,3896.53,3366.93,5017.91,3386.18,3444.22,3583.68,4444.63,3620.39,2702.72,2472.95,2561.6,2870.87,1867.27,3314.05,2105.12
58,Version C,6862.21,6014.76,5783.77,6265.99,4833.35,4664.35,4256.58,3738.23,4290.02,3946.32,4430.07,5077.61,6236.57,6237.9,5354.54,4615.05,4047.54,4012.57,4258.82,3024.22,4241.05,3523.74,4274.63,4506.53,4520.92,3417.99,4543.26,4041.41,3200.44,3622.73,2995.47,2263.37,2180.37,2630.21,2063.25,2357.41
59,Version B,4999.35,4341.23,4897.22,4719.54,4613.28,4213.63,2991.59,3404.47,2942.37,2935.94,3024.09,3223.34,3672.69,3943.3,3880.48,4062.49,4296.8,3275.65,2960.63,3204.34,2347.18,1930.35,2521.72,3370.58,3703.31,3220.05,3200,2483.86,3642.18,2015.07,1840.82,2025.08,2207.4,2154.54,1683.22,1955.84
60,Version A,6742.1,6001,5474.42,5366.13,4955.65,4909.38,3740.5,3551.63,4139.06,4278.08,2959.49,4855.45,5449.9,6198.08,5384.02,6098.95,5111.21,4125.04,3383.56,3278.44,3739.15,3992.86,3101.88,3893.13,3284.93,4147.04,4035.9,3750.31,4442.98,3513.35,2156.12,1938.7,2144.81,2487.5,1724.06,2022.41
61,Version B,4507.19,4091.12,4367.89,4372.76,4774.24,3737.71,4227.68,2728.61,3347.22,2431.46,3633.12,3553.4,4644.29,4326.06,4681.45,3691.68,3148.83,3141.83,2680.22,2620.97,2552.45,1951.74,2589.93,3092.02,3856.54,3030.34,2942.22,3264.33,2940.94,2092.48,2306.72,1791.51,1361.41,1242.9,1348.56,2030.69
62,Version C,6061.09,5106.88,5755.15,5251.22,5240.04,3932.01,3772.91,2946.36,3491.49,3253.21,2744.55,4342.01,5443.86,4881.5,4705.45,4981.36,4582.52,4352.03,3844.1,3927.25,2708.59,3101.48,3787.43,3651.79,3091.13,3684.18,3193.57,3502.8,3113.97,3650.83,1688.48,1802.49,2212.66,1720.49,2177.36,1560.76
63,Version C,5442.43,6440.12,5337.1,6114.54,4587.02,5027.13,4289.78,3509.38,3790.9,3229.99,3080.36,4299.37,5106.02,4176.48,4285.56,5298.72,4810.66,4864.32,4468.08,3400.37,3474.6,2649.82,3645.04,3416.63,3851.21,4443.39,4555.74,3229.95,3117.68,2834.56,2593.16,2802.05,1544.79,2547.45,1590.45,2337.55
64,Version B,6123.45,6578.24,6540.88,5480.38,5340.96,5622.59,3877.2,4816.84,3317.62,3513.73,4022.89,4052.9,5623.04,5245.32,4674.78,5570.19,5195.91,4602.23,4067.59,4273.47,3420.75,3649.6,3627.92,4518.05,3637.03,4870.59,3949.29,4237.82,2842.54,3486.5,2156.57,2571.09,2602.83,1339.45,2449.83,2414.97
65,Version A,5847.03,5129.5,6046.55,4977.92,4583.1,4612.02,3757.36,4121.27,3950.12,3170.27,3079.13,3983.39,4459.46,4942.42,4962.62,3889.07,3675.05,4244.49,3422.93,3296.12,3614.05,2884.51,3257.03,3608.52,3814.01,3873.6,3019.77,3354.84,2732.81,2890.88,2404.67,1341.05,2581.01,2020.95,1965.59,2782.6
66,Version B,7018.48,5958.68,6452.26,6177.24,5968.07,5974.59,3953.77,4865.13,4380.88,3230.55,4199.53,4986.59,5929.59,5171.49,5594.03,6094.89,4145.53,4112.46,5255.6,4452.8,4529.42,2802.21,3425.37,4559.69,4486.16,4662.53,4792.86,4823.2,3982.14,3683.52,1818.23,3288.92,2739.01,1837.88,3396.93,1656.81
67,Version B,7342.39,6523.54,6221.32,6756.95,4774.18,5725.4,3980.3,4336.92,5191.14,4533.57,4998.55,3951.18,6397.13,5235.03,5701.86,6271.59,5367.37,3836.09,3784.96,4985.26,4370.16,4071.25,3461.99,4518.2,5160.48,4493.46,3724.23,3194.59,3477.11,4090.47,2325.06,3487.66,2185.35,2551.78,3195.35,3529.35
68,Version B,6150.86,4860.87,6058.16,4769.17,4136.29,5293.94,3378.32,4045.84,3702.08,3126.05,3854.72,3954.57,5689.4,4141.38,4456.4,3959.93,4593.86,4270.44,3993.12,2765.31,2761.83,2417.07,3042.21,3023.92,3183.22,2940.2,4458.63,3396.27,3722.48,3394.19,2387.98,2880.25,2766.78,1469.97,2453.11,1541.06
69,Version B,5725.29,7119.38,7172.39,6712.32,5100.51,5861.26,4984.22,4642.73,3478.79,3532.9,4429.49,4975.72,5448.41,5841.31,5880.7,4812.02,4906.53,4358.99,3948.61,4627.93,3406.56,3343.58,3662.34,5015.78,3574.97,3567.14,3494.87,3324.4,3897.42,4269.16,2780.89,1576.25,1535.89,2396.8,2394.98,3470.85
70,Version B,6503.93,6625.11,6830.26,6012.2,5037.86,4896.83,3907.59,3337.27,4325.63,4504.58,4564.35,4699.7,5882.67,5713.58,4586.92,5069.22,4724.78,3287.01,3646.14,3659.2,3224.39,3060.67,3956.51,3550.4,3935.84,4602.87,3946.08,3072.95,4243.44,2654.25,2415.84,2200.12,1687.59,1410.8,1425.69,2065.98
71,Version C,5068.55,4413.3,5453.71,5411.87,3691.97,3872.32,3157.39,2774.2,4117.18,2582.59,3542.43,3519.63,4842.88,3713.03,4765.05,4611.95,4132.34,2888.64,3991.32,2582.16,2860.69,2694.05,3414.63,3428.71,3986.16,3930.86,4129.72,2658.04,3581.31,2305.86,1717.37,1413.04,1197.58,2274.58,2633.64,1441.2
72,Version B,4660.1,4073.23,4420.11,4796.46,4617.7,4420.5,3748.91,3265.53,3304.23,2466.25,3045.32,3750.54,3963.64,3760.3,4748.54,4470.1,3124.76,2680.14,2890.44,3241.18,2893.76,2136.88,2907.32,2933.87,2511.72,3939.86,3294.41,3260.84,3480.89,2430.82,1609.38,2392.32,1436.56,1625.36,2210.19,1481.65
73,Version A,7262.8,5979.54,6473.8,6547.45,5179.58,5509.96,5407.14,3689.85,4850.68,3954.72,3734.75,3734.01,5894.1,6383.12,4875.14,6066.94,5405.83,4504.06,3998.42,3711.21,3592.78,3199.5,4323.08,4075.06,3334.21,4995.37,5335.24,3552.58,3136.68,2674.55,1991.83,1726.04,2604.67,1591.14,3378.85,2493.22
74,Version B,5906.51,5866.2,5677.58,5626.51,4819.11,4061.44,5020.06,4702.75,4092.08,2865.64,3516.41,3752.22,5547.26,5595,5439.94,5672.71,3904.56,3848.76,3537.77,3483.58,3127.22,2377.25,3975.34,3138.23,3457.09,3562.26,3290.58,3102.07,3215.35,2968.39,2780.43,2941.62,2097.05,2684.27,2463.98,2975.27
75,Version B,5187.02,4631.41,5218.31,4466.91,4485.61,4428.34,4504.75,2840.25,3046.56,2929.5,2573.07,4077.35,4372.2,4389.4,4099.4,5227.55,3999.8,3535.25,4015.99,3384.57,2958.3,2201.08,3213.45,3306.58,3157.22,3427.95,2915.9,3201.11,3007.59,2108.51,1374.09,2453.54,1624.76,2182.68,2581.45,2160.87
76,Version C,5228.02,4734.13,4985.6,4174.07,4639.04,4192.4,3396.39,3601.21,2503.78,2307.51,3053.64,4071.61,3779.8,3466.56,4001.96,3786.82,3975.4,2654.96,3329.14,3505.46,1934.83,2167,2792.94,3631.94,3519.34,3049.03,3044.47,2903,3227.7,2498.92,1756.93,1755.47,1093.47,2153.88,1932.76,2185.35
77,Version A,6694.2,6719.79,6132.37,7015.68,4654.63,5021.59,5430.41,5119.8,3557.1,3383.45,3388.2,4720.44,6098.7,6042.42,5613.32,5854.7,4995.88,4020.21,5015.05,3655.05,3302.3,3353.79,3181.24,3853.24,4476.4,3597.94,4066.29,3989.73,4396.9,4245.35,1888.69,3162.41,1526.31,1428.15,2030.31,2316.29
78,Version C,5369.89,5552.48,5224.25,5086.62,4338.42,5180.87,3950.24,4183.38,3423.69,2775.02,3390.21,4663.42,5463.52,3920.98,5264.43,5395.24,3663.79,3884.79,3228.88,3785.8,3749.4,2562.28,3749.3,3642.72,3295.3,2936.41,3750.87,3473.05,4137.62,2927.89,2152.39,2770.5,1714.15,2205.6,1711.99,2562.35
79,Version B,5481.33,4721.7,5312.17,5254.68,4716.82,3582.54,4062.91,3234.87,3672.27,2786.68,2757.93,3582.81,4576.87,4282.09,4821.81,3818.86,4724.6,3744.33,4016.47,2769.3,2488.43,2164.67,2992.19,3927,3782.05,2765.29,3491.49,3954.87,2921.01,2545.42,1476.09,1852.98,1911.09,988.28,2198.79,2637.67
80,Version C,6036.81,4874.37,4746.65,6001.97,4978.01,3824.8,4732.29,3771.25,2840.19,3673.39,3671.82,3360.26,5428.15,4527.55,5428.53,3849.32,4788.2,4371.23,3343.54,3136,2829.24,3243.73,3747.53,2884.55,3931.44,4228.69,4188.52,3810.33,3519.19,3016.51,1566.28,2642.31,2537.8,1128.85,2895.91,1539.65
81,Version B,4635.51,5724.59,6228.36,4946.97,5150.82,3700.27,4644.62,3618.63,3155.22,4115.44,3768.65,4416.38,4434.59,4296.54,4139.03,4997.13,3619.27,3482.54,3848.32,4032.18,2432.46,2519.49,2861.65,3807.33,2795.27,2909.78,4376.43,3555.63,2932.17,3038.64,1552.31,2169.09,2226.56,1951.76,2480.33,1978.81
82,Version B,5292.1,6512.96,6573.26,5177.3,4831.86,4267.8,3919.19,3969.62,4456.79,3023.97,3795.98,3605.23,4618.28,5634.11,5777.13,4968.47,5074.26,3276.81,4151.91,3385.01,3638.14,3422.56,3426.49,3318.78,3716.61,4342.13,4756.86,4484.26,3388.65,3172.8,2774.39,2859.59,2006.38,1807.98,1591.77,1653.49
83,Version B,6247.89,6342.02,5443.73,6211.02,4437.59,4846.07,5058.14,3552.67,3820.33,2998.51,3074.44,4308.44,4569.94,5187.3,4603.31,5005.34,5033.95,4804.63,4888.82,3684.71,3183.46,2760.5,3333.4,4010.62,3881.81,4818.85,3460.2,4345.82,4236.63,2703.06,3178.6,2994.62,1832.15,2063.59,2088.12,2278.88
84,Version B,5637.23,6389.37,6901.39,7023.59,5859.29,6079.76,4597.87,4817.81,3878.23,3094.91,3962.01,3847.8,5441.85,5389.31,4731.84,5114.83,5752.62,4791.28,5331.96,3150.23,4283.85,3508.85,3142.57,4848.17,3930.15,4044.13,4432.92,4567.69,4238.74,2696.85,2406.03,2113.08,2010.97,2087.87,3161.29,1645.69
85,Version B,5270.88,4998.65,5374.49,5684.96,4913.64,4995.45,3734.23,3684.05,3544.27,3265.94,3186.99,4603.05,5031.01,5311.88,4612.82,4361.83,4317.3,4235.22,3986.04,3161.65,2307.04,2504.86,3332.1,2922.9,2870.51,3500.87,2979.09,2846.26,3383.76,2493.5,1583.54,1858.29,1229.82,1839.85,1414.12,1521.45
86,Version C,5701.83,4962.92,4788.36,4536.88,4662.35,3793.86,4312.09,3057.82,3083.57,3276,3584.05,3790.42,5108.54,4555.92,4059.42,4433.36,3479.96,3168.82,2917.17,3765.84,2982.48,2016.46,3009.33,3809.12,3051.34,3598.74,3314.5,2967.18,3342.07,2838.26,1930.57,1612.38,1729.56,1129.77,1884.7,2787.81
87,Version A,6468.72,6865.47,5739.29,5438.23,4752.61,5487.67,5299.99,4216.28,4850.77,3601.67,3096.24,4257.05,6252.42,6381.81,5276.02,5060.39,5696.67,3704.58,4006.4,3551.64,3358.87,3260.6,2901.02,3304.67,4683.38,4623.74,3557.41,3142.45,4166.85,3772.25,2212.98,2397.87,3129.75,2220.65,2767.25,3069.97
88,Version A,6502.87,6529.85,6954.84,6237.76,5288.31,4921.3,4766.67,3183.22,4186.8,4325.63,4521.27,4377.09,4970.38,5605.67,5124.39,5388.19,5076.41,3787.08,3363.15,3082.07,4179.99,2834.56,4014.04,3794.05,3217.39,4219.98,4153.98,3445.49,2865.28,3575.85,2628.99,2549.05,2340.23,1971.63,1973.87,2044.47
89,Version C,4751.81,5737.36,5421.44,5759.16,4233.28,5165.65,4827.6,3028.41,4309.1,3404.43,2778,3393.69,4693.29,4080.91,4571.31,4678.97,4599.65,4248.28,3845.88,3255.33,3254.49,2470.98,2860.62,3128.85,2876.89,3905.23,2927.49,3333.21,3226.16,3085.34,1424.1,1590.56,2140.1,1668.88,1968.16,2942.32
90,Version B,5053.09,5809.8,6361.8,5719.13,4526.4,4760.48,3894.09,4026.76,4953.79,4635.04,3634.4,4942.71,5856.74,4656.01,5975.83,5887.04,4578.72,4076.73,4033.94,3580.39,2727.85,3333.34,2616.9,4136.57,3508.3,4347.02,3571.08,3550.75,3059.65,3124.53,3255.05,2959.76,1929.22,1189.28,2045.2,2294.17
91,Version A,5188.25,5483.82,5917.52,5623.63,3932.33,3909.82,3838.95,2930.59,4104.15,3022.03,3391.82,4505.82,4798.36,4394.86,3830.67,4353.07,4762.99,3334.56,3752.65,3938.52,3561.65,2353.15,2746.3,2673.7,3854.06,3636.51,3899.18,2779.87,3112.56,2614.72,1829.78,2076.7,1390.84,1665.57,2561.39,1351.02
92,Version C,5058.49,4614.27,4758.41,5314.7,4590.62,3436.84,3251.55,2698.92,3471.42,2746.43,3302.59,3444.1,4401.77,4091.23,5014.28,4879.28,4130.69,3919.74,3102.8,3619.12,2836.82,2655.81,2919.56,3359.19,3300.01,2899.13,3915.22,3573.27,3226.26,3304.77,2477.01,2584.36,2502.16,1694.29,2004.79,1826.03
93,Version B,6408.44,5688.68,5625.47,5819.8,4622.59,6157.36,5417.1,4570.54,4134.67,4359.58,3292.38,5199.27,4873.07,6255.46,6017.7,6461.67,5561.59,3677,4589.37,3605.07,3308.77,3925.31,4196.48,5066.93,4972.8,4596.49,4052.06,4059.32,3765.16,3037.38,3279.04,2359.54,2626.67,1941.6,3108.88,3334.92
94,Version C,5767.11,4346.74,5897.47,4443.67,4881.7,4835.26,3736.65,2721.79,3962.31,3519.24,2609.38,3527.77,4780.35,4610.66,4252.4,5110.83,3441.12,4200.66,3963.56,3802.44,3597.91,2723.63,2788.61,2928.13,3551.62,3998.06,3769.41,3636.92,3728.26,3315.41,1459.63,1904.31,2112.17,2213.57,2686.66,1669.11
95,Version B,4631.46,6172.24,6040.89,5675.65,4240.05,4096.28,4253.7,3002.69,3523.18,3960.88,3302.56,3255.14,4497.39,4283.01,4902.91,4227.54,5105.08,4199.2,3328.98,3504.2,3858.32,2937.97,2832.7,3732.88,3035.36,3828.56,3497.1,3374.61,3099.23,3526.42,2311.32,2654,1117.84,1732.14,1347.94,2760.72
96,Version B,5360.05,4250.75,5521.03,5143.5,4253.55,3270.39,3469.26,3874.33,2982.89,3487.88,3122.44,3562.92,3726.85,3910.42,4767.75,4057,3361.14,3147.51,3819.37,3638.51,2304.85,2952.43,3389.4,3069.96,2639.03,3318.95,3934.02,3162.58,2768.92,2833.14,1768.76,2137.67,1631.6,1278.42,2414.25,2191.75
97,Version B,5152.99,4869.06,5449.13,5003.35,4269.5,4538.86,4292.82,3232.38,4375.2,3534.37,2791.92,4173.71,4470.74,5039.82,3970.53,3876.56,3975.34,4336.76,3708.35,2914.42,2883.1,3028.62,2609.7,3261.62,3914.34,3469.53,3383.71,3508.1,2572.56,3731.76,2135.18,1433.06,1740.65,1655.36,2821.12,2462.49
98,Version C,5738.75,6198.65,5970.47,4780.16,5151.07,4558.9,3822.42,3894.95,4436.87,3824.49,4136.57,3632.1,5349.49,4478.25,4373.94,4865.18,4094.02,4694.25,3387.09,3733.35,3692.05,3638.48,3217.16,3655.23,3957.14,3158.47,3458.97,3574.57,3062.21,3808.26,1936.21,2114.1,1666.93,1924.76,1693.38,1756.6
99,Version A,4996.22,4801.95,4721.88,5396.58,4490.77,4601.54,3927.92,3704.11,3630.91,2908.37,2751.01,4266.19,3854.78,4005.84,3518.19,3640.61,4084.69,2859.74,3486.99,2765.54,2703.18,2897.84,2568.83,3836.1,3858.9,2723.32,3663.88,3730.95,3491.37,2546,2561.07,1358.47,2422.09,1285.31,1455.95,1532.22
100,Version Zero,5400.24,5368.83,4198.9,4179.85,4089.54,3613.94,4244.47,3453.19,3596.47,3135.19,3363.75,3529.34,4704.5,4141.4,4733.99,4609.32,3043.79,3835.58,2642.36,3541.79,2266.64,3159.28,3056.96,3324.92,3381.37,3730.11,3721.71,3200.29,3661.88,2665.95,1689.89,1195.38,1781.11,1715.18,1234,2325.11
101,Version Zero,4620.92,6072.17,5647.01,6140.71,4826.81,3781.78,4018.65,2898.08,3679.07,3627.2,3841.03,3189.68,3540.97,3692.46,4200.92,4014.36,4214.01,2577.25,2332.82,2360.95,3142.32,1861.55,1603.24,1989.58,2046.63,2432.37,2704.49,3356.91,1576.29,2036.49,2019.77,1721.23,1800.46,477.63,2269.08,1311.74
102,Version Zero,4855.81,6581.16,5404.19,6272.73,5918.31,5003.25,3448.19,4375.79,4133.55,3114.96,3249.56,3610.18,3298.47,4338.01,4623.09,3422.97,4078.42,3185.06,2714.39,3392.74,3212.99,2235.72,2313.26,1930.87,3734.14,3142.94,2686.49,3091.48,2811.64,1732.92,1163.41,1826.78,1236.31,1648.58,2458.55,2049.12
103,Version Zero,4873.38,4344.96,5006.03,4906.55,4052.05,3637.3,3930.39,2537.1,3311.63,3008.74,2422.55,3740.1,2790.72,2926.07,3703.41,2740.16,3232.52,2906.04,1951.09,2929.59,1530.7,1599.11,1482.44,1526.02,2278.87,2954.05,3045.09,2382.96,1642.63,2370.9,1972.62,532.62,553.81,1147.24,1353.69,1960.46
104,Version Zero,6124.2,5348.47,6657.69,5514.03,5302.74,4380.76,3403.75,3387.47,4167.28,3857.58,3287.88,3580.94,4208.81,5001.65,4133.57,3649.81,3249.88,3190.6,3595.34,3083.35,3167.65,2975.87,2670.6,2138.36,3669,2936.26,2599.14,2279.1,2264.65,2508.46,2406.65,1558.05,576.45,2045.6,1976.4,1705.23
105,Version Zero,5695.48,6647.68,5758.02,5152.59,4499.9,5353.34,4713.15,4517.83,4076.31,4268.75,2867.57,4392.27,3229.36,4592.8,4227.05,3415.64,4210.24,3330.17,2242.65,2252.23,2797.56,2337.66,2144.09,2963.12,2543.02,2285.22,3968.93,3548.02,2298.64,1466.65,2495.09,1502.39,1869.69,1947.49,1396.44,744.71
106,Version Zero,6281.43,5381.36,5645.96,5570.23,4521.91,4420.08,4484.91,3355.68,3813.87,4558.74,3756.04,3687.34,4111.28,4494,4672.3,4205.86,3271.89,3734.82,3352.33,3340.77,2755.02,3144.25,1560.21,2526.6,1970.15,2654.55,3725.99,3167.91,2341.87,2895.89,2161.88,560.84,1539.45,1287.55,2333.76,2194.78
107,Version Zero,5117.44,4757.87,4575.86,4888.73,4855.02,3607.25,4268.63,2485.54,3091.42,3185.37,2731.52,3418.68,3165.42,3020.46,2970.33,4044.67,3733.3,3574.3,2941.52,3100.46,3057.93,1670.25,2579.65,2774.87,2022.47,1924.26,3440.3,3345.43,2402.23,1721.39,959.51,1667.47,656.41,1441.34,672.82,1405.78
108,Version Zero,4833.27,5980.91,4915.18,5393.31,4410.93,4560.46,4322.96,3329.15,3536.96,2905.99,2651.06,4370.52,3836.98,3613.36,4362.36,3481.39,3705.34,3470,3046.76,1916.93,2037.85,1749.35,2149.4,2892.64,2985.86,3266.97,2409.74,2272.59,2128.94,2656.71,2214.78,1860.97,290.31,539.76,1833.1,1754.47
109,Version Zero,6975.41,5845.75,5659.41,5788.72,5340.17,5195.12,5208.14,3724.13,3367.66,4430.33,3196.46,4375.22,4375.97,4918.68,4117.04,3637.91,4063.15,3147.94,3314.07,3674.22,2160.23,2322.76,2602.85,2938.3,3052.86,3934.48,4432.71,4153.45,2397.42,2412.15,1293.58,914.44,478.23,1922.5,1195.63,1703.91
110,Version Zero,5169.87,5074.88,6071.36,5210.28,5917.81,5028.31,3807.55,3935.61,3596.69,3035.98,4341.24,3268.32,3941.99,4284.04,4976.63,4448.44,4012.09,2583.83,2729.21,3379.95,1841.39,2974.71,3213.09,1921.37,3626.39,2411.05,3064.85,3820.84,2615.71,1412.83,1417.53,868.32,1066.81,1340.74,1405.59,1902.09
111,Version Zero,4954.41,5281.07,5084.3,4814.2,3962.85,3429.45,4073.23,3455.98,2573.15,3146.91,2338.73,3684.95,3310.34,2851,3046.71,3946.95,3361.42,3372.95,3106.07,1700.02,2047.37,1929.07,1496.98,2128.08,1702.46,3084.54,3053.75,2174.28,1547.95,1554.96,847.36,321.92,1621.31,1453.59,1681.13,1134.61
112,Version Zero,5102.99,4932.9,4560.29,3947.76,4349.64,3798.55,2682.31,2632.13,3570.99,2421.57,3422.61,3457.95,3789.49,3251.39,3084.29,3285.35,2290.59,3209.82,2957.51,2006.52,2775.5,1431.41,1982.75,2195.21,1772.94,2916.71,2718.03,1844.27,1313.47,2070.35,1109.04,707.21,1061.17,1316.93,670.13,907.61
113,Version Zero,5859.56,5015.59,6001.06,5922.53,4612.72,4159.09,3325.54,3671.03,3271.44,3589.47,4234.44,4357.01,3683.54,3611.15,3821.34,4101.42,3412.17,3616.87,2411.79,3103.29,2834.35,2415.27,2650.11,2410.99,3135.53,2384.17,3347.82,2933.08,2180.54,2528.31,891.27,1561.1,1587.31,1679.97,984.55,1739.52
114,Version Zero,5619.38,4472.62,5820.59,5425.04,4451.2,3602.26,3828.76,3602.87,3282.5,3552.99,3693.24,4124.94,4193.62,3538.96,3990.98,3931.91,2983.08,2870.16,3342.77,2071.53,2619.68,2391.05,2738.5,2873.69,2327.55,2974.21,3529.92,2302.86,2357.35,1543.92,2329.1,683.45,1578.64,1622.52,1169.24,1048.73
115,Version Zero,5420.11,7131.73,6783.65,5785.85,6251.39,4877.81,4211.59,4514.74,3536.9,3636.75,4433.31,4018.17,3700.88,3689.81,5636.4,4987.79,4605.39,3900.82,3987.11,3670.77,3254.15,2357.88,2136.67,3018.15,3664.45,2763.95,4374.5,3041.19,3160.78,2705.55,2346.1,1646.4,659.84,504.32,1560.36,2213.87
116,Version Zero,4750.07,4761.31,5647.34,5238.63,4443.95,3832.48,3738.19,2970.7,4338.76,2869,4170.92,4271.13,4003.89,4531.01,3937.16,3535.07,2953.07,3378.82,2562.25,2049.51,2998.79,2522.9,2092.27,2676.65,2634.96,2521.48,3668.25,2181.21,2693.74,1619.76,1449.45,473.32,1143.21,1703.32,2179.6,990.29
117,Version Zero,6259.14,5934.51,5974.08,5894.7,5285.89,5579.16,4321.43,4491.15,4308.96,3493.1,3190.87,4135.61,4452.32,4720.06,4846.85,4160.44,3305.08,2952.08,2598.84,2886.2,2726.57,1872.53,2892.97,2823.74,2577.65,3020.35,2757.89,3819.11,1915.75,3009.06,1417.16,667.84,2044.3,2134.72,1245.72,2278.73
118,Version Zero,4282.37,5602.42,5590.44,5165.66,4413.39,4638.43,3618.32,3794.52,3710.99,2609.3,3251.67,3866.18,3083.7,3001.69,4256.06,4256.56,3836.64,2510.1,1842.65,2799.03,2523.45,2754.35,2764.18,1957.62,1853.01,2518.22,3378.67,2321.46,2651.79,1674.65,2020.84,809.33,508.8,527.62,761.11,1010.71
119,Version Zero,5456.08,5303.05,5718.89,4475.65,3865.99,3498.98,3262.63,3090.96,3398.47,3888.97,2896.71,3913.61,3120.97,3405.5,3669.61,3418.99,2911.14,3399.98,2691.86,2344.91,2844.35,2276.79,2276.94,2687.52,2634.59,2607.57,2926.21,2270.57,2486.62,1860.86,740.12,1614.81,1139.21,925.99,1324.26,843.87
120,Version Zero,5140.59,5264.97,4737.93,5083.41,5308.51,3565.67,3717.74,3904.65,3383.08,3490.72,3044.32,3134.47,3955.62,4037.73,4503.9,3632.11,2840.83,3373.24,2528.05,2500.12,2513.22,2776.84,1544.66,2995.45,2354.8,3047.51,2622.73,2172.89,1941.6,2352.69,1269.13,1296.63,1095.79,469.98,2066.79,1770.44
121,Version Zero,4090.64,5049.63,4210.57,4000.09,4103.77,3806.28,3481.38,2333.63,3133.07,3552.59,2292.56,3216.5,3142.87,4117.32,3250.06,3234.62,2557.21,2740.5,1669.28,2841.03,2019.52,2003.44,1852.4,1924.37,2685.66,2228.22,3216.28,2073.64,2242.63,1950.66,1603.89,731.96,1191.4,437.79,667.07,1964.66
122,Version Zero,5861.68,5883.63,6548.18,5372.34,6227.18,4760.09,4650.89,4032.87,4399.68,3239.11,4612.35,3290.64,3363.35,5041.52,4387.63,4995.86,3942.65,3178.51,2441.25,2623.11,2529.51,2357.39,2200.65,2218.35,3320.19,3704.84,3042.79,2291.69,2794.33,2318.11,1508.98,1714.13,296.05,541.26,2390.79,1646.82
123,Version Zero,5109.59,6403.05,6622.03,5275.63,5327.65,3844.61,3536.67,4703.98,3245.01,3658.83,3395.96,4902.51,3671.19,5112,4916.56,4850.37,3969.86,3497.73,2610.76,3447.58,2829.18,3479.71,3021.35,3555.7,2536.98,3032.02,3439.22,2548.39,2864.86,2788.91,1098.5,1641.02,1874.23,1550.46,1121.65,1327.73
124,Version Zero,6360.08,5265.87,6701.37,5617.6,6154.6,4103.63,3985.83,3717.06,3560.47,4398.04,4086.57,4404.23,4477.8,3899.31,3882.94,4686.71,3733.86,3717.61,2828.05,2152.18,2358.52,3319.96,2894.02,2493.91,3658.94,2532.04,2894.64,3392.51,3203.85,1345.34,1210.08,1218.34,1858.71,1088.39,1911.85,931.99
125,Version Zero,5636.66,6535.1,5430.42,6914.49,5620.53,5770.8,5015.99,4966.7,4976.02,4904.34,3316.62,5272.22,4585.69,5232.16,5515.23,3818.53,4540.95,4075.96,3138.46,3765.24,3358.7,3082.58,2304.04,2583.68,3512.32,2728.26,4407.72,2953.33,3445.03,1933.73,2649.38,522.65,940.91,1236.05,1960.94,1368.68
126,Version Zero,5457.88,5889.52,7119.09,5922.41,6515.13,4044.08,4897.46,3898.54,4333.45,4370.16,4010.73,4130.08,5159.96,5556.29,4133.35,5071.14,3233.73,4135.93,4104.46,3346.73,3333.88,3369.43,2479.35,2098.43,2744.9,3264.01,3861.95,2941.2,3299.34,2717.67,1538.79,2170.57,2056.82,2009.15,948.32,1786.15
127,Version Zero,6425.89,5364.66,6060.88,5317.73,4935.32,4646.29,4237.52,4699.73,4450.09,4153.26,4575.83,3786.8,4867.68,3970.76,4260.84,3604.44,2948.83,4173.41,3412.59,2299.8,2133.3,2024.45,3400.98,1952.17,3391.62,2701.52,3044.01,2324.02,3008.09,2788.6,1749.88,1639.56,913.24,1006.2,786.9,1161.13
128,Version Zero,5230.48,4622.07,4242.95,4774.64,4004.3,3320.7,2715.24,2420.79,3709.03,3907.71,2393.7,3439.38,4008.38,2897.94,3603.99,3081.08,2838.75,2622.31,2028.29,1816.53,1714.84,1735.03,1972.21,1616.75,2617.07,2613.76,2290.45,2181.79,1414.4,1851.63,1399.46,1208.69,1163.09,1723.52,1550.49,1343.73
129,Version Zero,4965.81,5928.95,4994.31,4422.81,5099.08,3461.26,4164.31,3526.29,3795.4,3360.99,3697.73,2967.37,4382.27,3170.33,3366.56,4335.84,4097.81,2400.21,1935.14,3237.88,2911.4,2619.39,1902.37,2172.38,2084.74,2508.62,2635.88,3067.05,3016.37,2504.15,2315.85,1459.19,580.5,1197.4,2038.47,1635.72
130,Version Zero,5673.32,5927.24,6159.18,4733.49,5747.63,4980.14,3746.13,3773.09,3869.21,3728.09,2608.95,3958.11,3642.05,3245.8,3907.26,3598.77,2906.88,3374.16,3551.54,2221.7,3167.58,2422.31,2847.07,1811.35,2050.93,2522.47,3662.83,2592.02,2190.51,1586.75,977.16,432.37,1055.49,700.21,1111.77,1735.73
131,Version Zero,5323.94,6287.42,5949.34,5999.42,6541.16,4227.68,5316.39,3668.62,3576.39,4866.91,4868.26,3841.78,3512.4,4037.42,4954.35,4521.05,4018.8,3092.27,3886.07,2912.67,3784.35,3428.78,2785.77,2717.56,2717.49,3616.56,4138.12,4178.26,3257.28,1532.37,2686.76,1999.6,1981.73,756.06,1264.98,2436.2
132,Version Zero,4259.36,4096.59,5286.43,3957.58,3947.1,3402.78,3546.55,2660.66,3405.7,3119.41,2526.5,2590.48,3458.29,3912.07,3934.74,2860.88,2482.9,2931.84,2588.89,2128.29,2798.4,1845.63,2359.45,1818.78,1584.08,1809.36,3057.79,2354.14,1303.48,1450.85,914,1432.58,1170.27,472.73,706.17,1741.45
133,Version Zero,5504.82,5353.17,6141.62,5365.12,5338.07,5778.83,4626.91,4253.25,3510.78,3314.52,3022.7,4138.01,4398.63,4630.41,4496.7,4379.04,3522.59,3503.46,3664.15,2531.26,2562.6,1800.07,3441.32,3641.66,2298.61,2667.09,3915.57,2501.98,2817.79,1821.09,1690.52,850.26,2035.57,1717.06,2316.28,984.76
134,Version Zero,5653.57,5710.39,4956.72,4898.73,4936.61,3997.09,3772.47,3537.96,3978.67,3260.81,2615.96,3110.13,4614.27,3432.49,4160.08,3796.99,3116.64,3271.84,2070.44,2868.5,1965.57,2878.72,3055.86,2451.36,2482.23,2866.44,2721.15,2822.43,2955.98,1479.29,1581.36,330.94,1224.98,931.05,1933.53,880.24
135,Version Zero,4689.98,5110.41,5902.26,5931.1,4771.62,4884.86,4247.45,3478.43,4130.93,3653.9,2650.29,2956.68,3764.37,4275.63,4240.22,3870.38,3693.27,2735.06,3310.85,1868.02,3150.82,2054.39,2577.21,2535,1892.45,3466.42,3886.08,3540.25,2607.28,2438.39,1645.18,1676.99,660.1,1795.27,1817.91,2134.61
136,Version Zero,6333.04,5469.26,6215.35,6202.92,4501.58,4907.98,3796.5,3866.75,3725.4,3140.15,4323.58,4656.2,4408.18,4168.49,3820.85,3303.9,4372.96,3681.09,3558.88,2922.34,2114.81,3185.32,2887.99,1773.12,2744.15,3638.43,2943.02,2589.19,2835.03,1510.81,2255.37,1932.27,877.61,1557.81,819.77,1851.81
137,Version Zero,5479.31,5744.64,6318.48,6535.25,5406.95,5063.78,4132.88,4527.24,3616.05,3632.16,3541.43,4063.35,4285.02,3826.21,4155.41,3745.79,4409.25,3359.12,3687.45,3860.38,2536.41,2411.12,2698,1913.29,2807.91,3182.83,3851.63,2326.13,1680.8,1625.1,2626.67,1296.14,2024.53,1253.39,1937.05,1607.4
138,Version Zero,6311.99,5722.2,5673.72,5908.89,5422.46,4189.83,3546.29,4642.79,4550.64,5000.16,3505.66,4883,4002.53,4466.53,4330.25,5298.24,3061.98,4133.65,3667.42,3865.91,2612.62,2771.36,1789.65,3341.54,3673.83,3544.28,3267.32,3524.97,3452.08,1630.96,2139.86,1102.27,455.62,1789.84,886.39,1024.06
139,Version Zero,5135.32,4727.99,4974.09,3896.07,4214.83,3165.71,3565.56,2890.41,2958.34,3815.38,2279.39,3557.62,3060.39,3480.83,3465.57,3493.83,3520.59,2234.79,2959.4,1795.58,2402.09,2462.41,1968.99,2619.81,2518.21,2906.03,2281.72,2921.9,2498.05,1878.53,731.17,971.09,796.6,1012.48,1432.35,818.49
140,Version Zero,5490.11,4837.43,6049.62,4465.46,4580.34,3871.31,4091.79,4277.36,3822.04,4344.31,2940.54,3422.31,3092.93,3859.24,3766.97,3175.46,2784.18,2687.9,2551.31,2178.54,1844.25,2586.65,2477.07,2165.08,2112.85,2564.62,2685.53,3321.49,1719.42,2419.51,1956.25,386.58,945.98,1741.79,766.83,1740.99
141,Version Zero,4916.92,5512.49,5298.41,5706.47,4938.01,4451.62,4376.91,3929.19,3975.84,3627.98,3150.56,4340.96,3257.82,4480.42,3872.73,4003.03,3145.69,3012.57,2269.83,2471.65,1686.43,1869.64,1738.84,3081.01,1773.75,2350.91,3235.7,2847.56,2176.71,1618.82,1059.15,1609.59,1555.97,1064.35,700.95,781.31
142,Version Zero,4771.8,4663.98,4827.82,5147.46,3841.03,3411.8,2839.51,3754.71,2494.28,3135.2,2863.17,3601.78,4049.5,2994.83,3997.26,3918.03,3664.46,2082.25,2009.86,2992.51,2163.16,1480.32,2755.63,2225.87,2980.6,2334.06,3180.42,1830.24,2168.11,2040.4,1093.69,1640.97,1005.05,847.03,1238.3,1723.68
143,Version Zero,5341.21,5776.88,5525.37,4530.32,4973.82,4510.87,3160.32,3151.27,3327.65,2982.15,3412.31,3642.54,3304,3578.69,4605.68,3212.41,2633.49,2720.61,2955.17,2153.49,2601.22,1649.99,2531.56,2666.36,1887.07,2025.67,3581.38,3026.55,1753.24,2312.27,1851.67,1072.09,960.62,956.92,2253.84,761.56
144,Version Zero,5519.01,4722.92,4715.81,4050.45,4866.28,3498.86,3835.67,3084.6,2639.94,3563.9,3187.29,3783.49,2762.76,4018.87,3249.64,4242.56,3568.5,2337.72,3160.87,2296.09,1580.97,2393.5,2437.33,2711.02,2076.09,3047.81,3018.43,1952.04,1892.46,1403.59,1146.58,1230.83,845.52,630.47,816.96,919.97
145,Version Zero,5752.66,5410.37,5710.23,5136.36,4569.99,4768.2,3183.15,2753.5,3492.6,3099.92,3815.83,3278.1,3709.84,3041.23,3231.31,2962.62,3515.04,3011.38,2633.43,2677.42,2809.92,2908.4,2968.54,2106.52,3002.85,2887.26,3376.25,2889.04,1969.55,2162.11,2237.62,699.29,756.91,406.74,1778.95,765.01
146,Version Zero,4114.77,4528.45,4064.24,4526.65,4221.7,3778.96,4005.27,3278.83,3504.78,2901.02,3587.04,2664.51,3443.67,2981.5,3343.75,2724.99,2911.19,2986,2629.87,1876.53,2007.77,2436.6,2071.33,1450.8,2124.93,1985.85,3103.02,2703.06,1313.85,1852.37,1916.98,1609.84,924.04,799.65,1870.93,1816.66
147,Version Zero,6176.73,7060,7297.49,6735.79,6831.64,5817.81,5479.25,4661.31,3664.09,3854.44,3149.78,4311.52,3699.23,4350,3853.9,4596.81,4604.29,4219.76,3660.67,2321.1,2055.64,2718.51,2453.98,3084.97,3660.1,4196.5,3609.89,2628.32,3016.56,2501.17,1733.19,1042.87,1077.08,1984.51,2144.05,896.74
148,Version Zero,5293.89,4942.91,6199.74,5428.71,4755.43,4776.28,4515.43,4364.98,3254.45,4498.51,3339.08,3218.86,3456.59,4516.45,4666.28,4562.52,4361.53,4032.08,2998.57,2664.41,1820.08,1833.13,1982.35,3314.47,3402.7,2578.35,3194.91,3385.4,2776.75,1780.75,902.36,1954.91,1294.84,1831.75,2181.41,1053.26
149,Version Zero,5360.36,4243.87,5278.68,4403.83,4834.38,3381.27,3726.62,3402.02,2883.75,3271.42,2502.72,3232.57,3138.84,3117.75,3228.53,3940.23,3117.11,3165.11,2711.62,2830.54,2200.63,1917.38,1839.96,2463.6,2249.24,2430.58,3091.64,2694.19,2056.73,2387.48,1119.53,1312.43,672.36,499.4,733.15,966.47
150,Version Zero,4888.61,4631.79,5058.76,5115.88,3632.14,3351.86,2617.65,2285.69,3157.17,3692.38,2939.17,3678.09,3640.93,2779.37,3983.16,2638.32,2526.23,3009.95,2216.55,2290.91,1780.88,1454.01,1899.59,2752.78,2390.33,2174.45,2050.64,2088.84,1783.6,2247.41,728.73,956.34,1430.94,1472.17,1192.52,1680.21
151,Version Zero,4222.64,4605.11,4128.83,3935.56,4344.27,4023.23,3303.98,3579.96,2520.04,3310.42,2773.63,3685.67,2882.71,3078.36,4145.31,3109.97,3022.09,2769.93,2135.99,2257.6,2858.72,2757.12,1635.11,1861.12,2844.48,2622.2,3246.82,2679.62,1411.92,2400.75,1518.61,871.49,1031.71,1671.71,1506.84,798.16
152,Version Zero,4980.9,4719.72,4407.62,5285.44,5194.94,4448.25,4098.25,4038.56,3034.94,3889.09,2573.55,3822.69,3117.71,4342.64,4427.32,4176.02,2506.69,2594.21,2912.26,2742.56,2600.6,2207.33,1775.14,1849.42,2527.38,1936.43,2198.64,3298.94,2808.03,1940.44,1411.17,878.19,575.83,938.27,1249.35,1563.95
153,Version Zero,5347.07,4738,4996.2,5211.02,4726.99,3433.6,3454.57,3719.41,3637.64,2944.46,2400.64,3267.25,3273.44,4406.03,3512.2,2868.54,3111.85,2220.25,2439.67,2351.99,2409.49,1484.64,2292.78,2046.99,2509.91,2969.74,3510.18,2284.85,1619.82,1465.12,969.85,668.47,953.83,1508.78,747.07,894.53
154,Version Zero,6379.82,6643.38,5522,5890.12,4991.04,3939.22,4544.88,4433.81,3047.8,3456.86,4294.87,3596.67,4761.85,4925.98,4703.36,4214.08,3551.32,4096.98,3076.83,2168.12,2514.15,2609.35,2177.17,3443.25,3058.32,3027.94,3074.36,3242,2940.19,2002.5,2603.31,608.92,1876.1,1362.51,889.32,700.76
155,Version Zero,6774.95,6267.3,6299.55,5825.44,5315.99,4674.48,3588.49,4102.67,3933.46,3438.14,4894.5,3674.53,4418.23,4201.49,4093.15,4162.98,3681.21,3120.11,3351,3455.24,3135,2622.9,3395.31,2874.87,2320.87,2332.87,3461.65,4014.93,2965.29,2551.03,1491.67,1005.96,794.59,1723.42,994.54,2095.66
156,Version Zero,3875.94,4256.36,4671.46,4233.69,4331.94,3685.22,3488.78,3692.42,3140.12,2633.89,2548.78,2887.82,3435.6,3075.33,3890.72,3901.28,2615.03,2260.51,2679.37,2582.75,1906.29,2058.79,1431.55,2084.41,2840.08,2536.97,2914.87,1763.34,1578.71,1137.76,1591.7,1294.01,465.48,1111.65,1382.35,1951.29
157,Version Zero,6164.01,6079.23,5731.33,5828.56,5092.18,4246.26,3244.11,3791.5,3916.24,4407.47,2780.18,3846.93,3327.53,3782.04,3837.66,3811.17,3409.49,2580.38,2873.97,1947.55,3388.12,1927.96,2320.8,2801.59,3426.73,2290.62,3174.56,3361.67,1629.45,2080.26,1780.77,1229.09,1513.71,1352.16,2007.65,2192.51
158,Version Zero,6302.21,5085.05,6001.56,6532.96,5562.3,4691.18,4247.19,4309.48,4083.7,4014.61,4420.4,4165.66,3542.82,4584.38,3709.36,3491.03,4124.06,2925.07,2386.84,3140.22,3019.89,2470.02,3001.3,2826.01,3418.4,3873.87,3089.28,3367.31,3403.35,1438.77,1993.69,760.42,655.09,822.87,901.89,1297.11
159,Version Zero,6634.39,6878.11,7013.74,6107.17,5704.22,5798.84,3936.68,4164.07,4999.6,3588.9,4820.74,3672.59,4090.1,4773.81,4495.63,5153.62,3926.87,2737.38,3479.35,2236.61,3704.08,2873.84,2814.37,3608.1,2989.04,3909.93,4110.08,3317.83,1743.81,3206.96,1640.71,913.72,1307.85,1257.66,1833.26,2500.37
160,Version Zero,5633.81,6891.95,5378.79,5063.86,6395.49,4521.87,3496.04,3796.34,4087.83,3713.8,3144.54,3985.8,4490.47,4146.37,4807.72,5094.39,4054.7,3776.02,3483.7,2370.16,3685.08,1789.77,3064.7,2894.71,3012.18,2244.95,2617.84,3895.18,3441.13,2540.76,2664.14,1881.24,370.41,658.42,2451.27,2301.73
161,Version Zero,4407.57,4336.33,4196.88,4398.35,4083.93,3755.01,3556.07,3322.8,3606.59,3790.89,3022.72,3459.4,3061.21,3421.3,4209.48,3201.86,2851.18,2792.26,2617.68,2554.74,1871.09,1661.74,2532.05,2459.8,2586.42,2526.52,3394.82,2779.19,1799.67,2313.63,1388.92,1460.46,985.56,594.2,1980.83,681.81
162,Version Zero,4639.61,4005.93,4684.88,4151.19,4932.5,4209.57,3209.7,3355.33,2844.61,3792.75,2420.87,3398.88,3986.98,3520.03,3555.32,3656.7,2415.52,3247.51,2659.16,2930.57,1895.05,1372.15,1913.1,2700.33,2376.49,2097.72,2975.38,2642.33,1747.49,1861.47,1917.78,1322.71,298.49,1181.22,1317.66,1917.21
163,Version Zero,4687.63,4575.71,4907.88,4962.25,5338.28,4450.58,3822.89,3443.94,3591.77,4062.11,3019.99,4012.05,3852.39,3323.84,3055.9,3356.86,3296.32,2692.33,2964.56,2038.72,2314.1,2696.5,2711.92,2722.57,2039.86,2613.92,3401.24,2592.97,2821.59,1768.15,753.92,1181.16,1686.63,1660.38,1882.98,649.07
164,Version Zero,4950.86,5773.02,5829.08,4773.63,4486.42,3309.47,3446.03,2575.01,3615.5,3251.86,3839.75,3026.44,4289.29,3833.54,4170.91,3812.46,3115.5,3435.7,2146.63,3002.13,2341.29,1513.32,1484.9,2887.89,2514.25,2827.31,2911.69,2439.37,2506.02,2703.98,1106.23,831.24,544.28,379.43,1718.61,744.05
165,Version Zero,4801.41,4904.3,4438.71,5208.98,5124.84,3393.23,4027.18,4055.27,3629.5,3300.51,3759.66,2981.5,3257.5,3312.34,4133.46,3206.14,3823.26,2511.23,2633.75,2970.47,2653.32,2072.24,2313.27,2457.64,2856.45,2330.08,2796.55,2030.71,2680.81,2136.89,1365.35,1130.94,673.85,370.28,1604.6,764.27
166,Version Zero,5091.6,4225.39,4445.5,5121.71,3666.34,3787.65,2858.22,2757.83,3147.19,3558.49,2755,3548.51,2786.54,3625.69,3025.08,3134.09,3146.76,2566.73,2775.89,2779.14,2306.92,2101.2,2017.15,1493.66,2825.83,1870.21,2560.39,1833.71,1978.16,1305.46,1415.79,286.13,1026.65,1369.29,593.57,1724.18
167,Version Zero,5657.06,6424.13,5833.97,5459.41,5455.48,5398.34,3766.01,3919.75,4163.63,4344.46,3156.19,3765.68,5987.55,5539.36,5374.92,4782.65,5291.29,3449.79,3645.96,4019.79,3042.5,3173.57,3999.88,3194.82,4637.92,3676.58,3963.04,3987.32,3599.35,3477.68,3211.42,1496.61,2203.13,1788.39,2090.79,1911.49
168,Version Zero,6371.98,5939.78,4912.58,5131.3,4983.18,5264.6,4796.58,4630.82,3262.95,3724.77,4087.38,4020.63,5357.9,5692.45,4562.81,4969.72,3624.39,4377.41,3858.65,4348.06,3039.32,2958.56,3063.11,3299.42,3954.04,4269.87,3234.83,3148.48,4110.12,2632.65,2445.4,2999.11,1903.74,2017.72,2966.4,2195.28
169,Version Zero,7190.42,6796.27,7186.68,6334.09,5183.05,4656.56,5355.83,4481.13,4212.04,4916.96,4891.79,4473.86,6774.16,5657.14,5236.49,6231.69,4801.5,4896.02,4542.8,3720.89,4032.12,2773.63,2892.5,4453.13,5166.98,4994.71,4851.65,4836.82,4499.29,4344.14,2950.86,1612.34,2695.52,1538.38,2563.61,2922.69
170,Version Zero,4988.5,5468.4,5640.62,4838.02,4121.67,4461.35,4170.3,3257.33,3181.21,3351.99,3280.11,3896.59,4769.22,4458.34,4426.93,4040.4,3645.06,2737.41,2839.3,3254.39,2847.09,2079.03,3378.64,3868.68,3501.9,3559.66,3017.78,3133.62,2406.32,2626.81,1370.6,1387.23,2111.54,1264.8,2392.02,2368.8
171,Version Zero,4831.99,5278.59,6308.56,6065.09,5271.18,3956.15,4047.7,3071.52,4088.22,4451.97,4021.94,3585.82,4904.2,4756.95,4415.3,5264.37,5209.71,3897.77,4779.03,3713.18,3323.18,3465.33,3968.56,4098.86,4416.72,3531.22,3882.65,3764.99,3036.78,3047.16,1810.64,2894.99,1849.95,1519.5,1796.89,2303.4
172,Version Zero,6771.05,6756.59,6359.91,5801.51,4634.29,4205.82,4353.22,4577.99,3311.25,3099.01,3423.62,5044.01,5139.42,4939.24,5351.86,5856.15,4037.59,4082.45,4137.9,3738.47,3499.69,2936.49,2749.14,3387.73,4474.85,4510.25,3564.34,4368.62,4359.66,2774.78,2310,1864.2,1253.94,2668.49,1724.26,2613.67
173,Version Zero,5610.82,5020.43,5910.54,4344.08,4101.54,4865.72,4003.24,4276.69,3403.66,2622.43,2713.23,4011.39,5483.26,3904.31,4494.81,4412.87,4736.96,3388.96,3213.74,2934.85,3237.52,3023.66,2281.14,3695.88,3952.95,3392.42,3321.46,3028.95,3043.15,3326.21,1452.38,1953.73,2610.92,2406.93,2155.25,2298.55
174,Version Zero,5428.58,4708.43,4948.99,5618.29,4100.16,5173.18,3305.03,3736.37,3195.49,3576.97,3477.55,4641.22,5052.69,4173.55,5157.12,4575.78,3930.33,3946.28,3793.31,3702.9,2580.54,2660.94,3673.41,3910.06,2840.34,2980.18,3338.56,2814.61,3190.58,3528.99,1625.86,1934.13,1764.63,1639.17,2275.35,1601.84
175,Version Zero,6234.19,5591.12,6316.05,5218.79,4650.38,4789.89,3402.95,4536.34,4112.63,3262.37,3282.88,4229.17,5630.15,4854.89,5605.53,5119.12,4260.69,4425.35,3099,3524.12,2781.69,2448.9,3949.71,4051.95,3390.12,3620.44,3187.52,4144.66,4243.3,3052.99,2297.6,1412.92,2085.96,1980.24,2810.23,1930.3
176,Version Zero,5565.95,7014.54,5871.41,5959.1,6274.25,5029.12,5506.53,4652.07,5185.23,4798.13,3397.79,5533.89,5433.58,5405.42,4981.41,5656.68,5893.46,3646.65,4397.06,4011.93,3185.02,3704.77,4155.44,4513.08,3532.65,5314.49,5261.98,3922.5,4685.45,4230.31,2876.55,2225.02,3202.41,1913.63,2635.61,3360.78
177,Version Zero,6430.39,6195.3,7178.13,5623.54,4589.22,4528.64,4374.29,3404.23,3666.02,4874.87,4090.73,5340.02,5706.18,5766.91,6018.55,4656.01,5286.94,4002.01,4973.16,3411.75,3797.69,2456.59,3400.67,4873.43,3289.13,4623.67,3715.5,3237.72,3611.26,3717.74,1713.67,1960.88,2462.72,1879.12,2305.93,2065.67
178,Version Zero,4466.89,4800.82,4468.05,4793.56,3660,4843.76,3190.34,2959.98,2785.25,3355.76,3888.49,4375.14,4955.46,3876.6,4324.93,3820.81,3979.1,3340.48,4107.35,2636.55,2514.32,1929.23,3028.45,2798.56,3235.21,3881.66,2934.47,3012.51,3123.6,2462.69,1426.54,1695.19,1774.96,1808.81,2334.01,2468.65
179,Version Zero,4507.69,4288.02,5340.64,4391.63,3804.06,3440.52,4160.33,4153.2,3799.68,2602.35,3716.95,4190.85,5226.9,4512.58,3794.77,5047.29,3855.98,3072.36,2972.35,3186.91,2757.07,3453.55,2314.78,3593.14,3134.5,4202.88,3714.24,2839.52,3286.31,3381.68,1529.71,1931.69,2496.84,2218.94,1601.84,2553.26
180,Version Zero,5680.19,5772.25,6268.9,5827.14,5787.1,4835.36,3870.79,3360.07,3208.21,4483.37,4105.49,3656.54,4725.97,4493.43,4378.9,4381.71,4686.58,3532.23,3327.09,3455.7,2597.74,3772.55,2859.39,4606.12,4550.74,3675.56,3484.48,3246.95,4060.32,2784.33,1609.09,1946.79,1977.12,2706.16,2562.11,1670.67
181,Version Zero,5354.77,6205.04,5502.56,4645.15,4304.46,5263.22,3878.62,3519.08,3602.07,2980.03,3495.04,4214.47,4574.98,5046.68,5178.74,5462.24,3601.39,3696.19,4325.19,3090.18,2792,3304.67,3025.5,3535.62,3201.86,3436.73,4490.71,3066.18,2947.07,3737.3,1764.26,1670,1879.82,2152.11,1899.3,2307.29
182,Version Zero,5613.65,5469.16,6174.49,4452.57,3782.33,3611.67,3651.2,2943.14,4217.61,3516.3,2953.74,4074.98,4919.7,4203.32,4177.18,4365.59,3897.94,4395.48,4485.18,3743.34,3312.3,3115.97,3289.47,3126.84,3691.98,3353.71,4369.18,3642.82,3658.95,2286.48,2656.91,1920.77,2264.8,1742.38,2216.2,1429.26
183,Version Zero,6372.7,5340.5,5627.15,6160.85,5395.21,4800.71,3800.52,4030.6,4689.79,4002.68,3523.45,4415.25,6199.84,6205.59,6008.85,5315.63,5068.86,4887.65,4560.13,3978.64,2964.51,2635.77,4301.15,3461.19,3938.02,3976.65,4385.41,3714.31,3377.22,3598.83,3180.49,1924.68,1800.56,1878.78,2007.15,2845.05
184,Version Zero,4137.77,4445.72,4884.23,4336.83,3693.43,3289.36,3309.87,3300,2644.98,2361.85,3597.61,3883.36,4622.82,4561.03,3613.05,4099.93,3814.23,3876.17,3148.87,2826.63,2995.94,3035.66,3328.93,2586.69,2371.27,3618.31,3120.84,2692.18,2555.06,2465.96,2381.97,1481.95,1842.72,1403.14,2558.81,2558.06
185,Version Zero,5530.49,6175.36,5690.55,6801.42,5066.7,5117.71,4582.7,3407.78,4491.6,3638.76,3917.65,4385.47,5249.92,6288.64,5908.02,5439.87,4334.13,3647.73,3965.91,4655.39,3615.03,3773.97,3783.86,3500.24,4957.83,4144.42,4047.19,3881.32,4058.69,3216.23,1901.12,2845.68,2945.78,1628.64,3392.52,2025.02
186,Version Zero,4607.56,5470.55,4791.5,4444.54,4025.75,4435.58,3603.68,2724.17,3617.62,2980.31,3400.72,4082.63,4618.63,3759.64,4877.05,3824.3,3674.38,3037.06,2858.65,3678.67,2216.32,3069.08,3308.49,3132.09,2739.47,3555.08,4151.94,3027.82,3802.17,3173.94,1826.13,2724.48,1746.92,1496.26,2346,2798.56
187,Version Zero,6332.94,5699.22,6073.62,5833.33,5250.87,5580.86,3488.71,3939.96,3462.66,3129.34,4173.86,3689.89,4980.99,4530.86,4587.5,5178.21,4206.55,3916.77,3686.67,3302.19,2203.89,2788.36,2139.04,3359.89,2777.67,2226.74,3770.86,2687.29,2759.05,3045.69,2715.4,1884.81,1507.13,1398.76,1004.51,1841.76
188,Version Zero,5650.61,5009.41,4791.53,4921.06,5762.47,3942.97,3182.86,4209.72,3047.92,3882.29,3685.57,4283.62,3731.87,3969.88,4325.15,3820.05,2684.89,3131.32,3258.22,2967.95,2743.29,2679.41,2255.45,2403.5,2138.34,2181.46,2934.03,3121.99,1639.02,1821.08,1825.11,1748.8,309.98,1161.35,2120.07,1949.63
189,Version Zero,5318.42,5387.89,5219.41,4798.43,5433.5,4255.38,3860.45,2684.37,3278.7,3129.01,3678.18,3957.63,4297.24,4328.51,4796.37,4703.56,3196.06,3087.01,3128.87,3200.29,2655.46,2005.47,1740.34,2657.58,3039.43,2567.38,2355.97,2406.18,2309.56,2672.32,1838.96,529.96,1074.52,1527.88,2290.87,1098.35
190,Version Zero,5095.1,5542.4,4869.57,5449.59,5364.72,4530.46,3432.72,2974.13,3989.54,3234.94,4073.38,4388.93,3122.6,3520.56,4122.69,3637.72,3016.02,3403.72,2558.14,3201.89,1767.1,1948.15,2884.22,1774.4,2800.76,2941.58,3827.6,2132.73,2093.65,1221.16,2072.4,370.77,1347.34,1364.06,878.75,1874.56
191,Version Zero,5291.86,5220.66,5114.91,5930.52,5629.51,3779.37,3977.44,3685.93,4197.28,3362.96,4092.48,3560.06,4553.49,3608.31,4798.46,3090.68,2630.01,3103.38,2243.25,3351.07,3264.11,2850.68,1512.89,2556,2726.46,2728.76,3559.35,2659.38,2228.69,1918.97,1614.36,1079.89,854.11,622.27,1796.29,2236.83
192,Version Zero,5803.98,6020.74,5493.62,5947.68,4753.51,4866.51,4204.74,3602.46,3139.22,3538.45,3750.35,4133.56,3882.46,4190.7,3708.43,3878.49,3323.19,3941.2,2776.44,2281.84,1920.2,3046.13,3159.21,1698.24,3107.69,3057.55,3256.95,2441.61,2342.57,1632.82,2421.99,1221.65,1387.16,1144.3,1801.8,2149.38
193,Version Zero,5464.8,6416.59,5797,5162.44,5045.76,4942.39,3786.66,4312.8,4219.92,3136.96,3967.23,3460.89,3426.87,3778.95,3678.89,4077.31,3648.85,3694.23,2472.49,2175.22,2716.41,2863.4,3368.79,3089.73,2531.81,3059.84,3326.38,2542.33,3224.51,1493.34,2251.48,1513.21,468.6,915.01,1620.28,1129.05
194,Version Zero,4417.33,4342.81,4546.22,4610.72,4724.5,3820.4,3963.06,2724.81,3274.74,3653.29,2678.32,3587.86,3591.39,3262.2,3441.86,3744.43,2492.99,2344.68,2610.03,2590.17,2755.94,2088.72,1379.05,1624.19,2792.38,2244.72,2848.27,2064.44,1690.71,1225.8,1595.58,463.15,340.4,1014.56,1240.41,1549.2
195,Version Zero,4131.01,5012.68,5590.56,5246.64,4660.66,4371.88,3308.71,3416.91,2968.72,3149.11,3148.21,3099.86,4049.37,3104.36,3408.55,3707.8,2740,3379.76,3056.7,2715.12,1983.97,2063.8,2062.66,1824.92,2244.63,2654.03,2958.79,2066.58,1863.6,1301.95,2032.42,1642.91,583.54,1028.74,1459.37,2023.21
196,Version Zero,5184.38,6418.86,5211.59,6344.92,6080.09,4392.26,4554.36,4047.25,3529.96,3880.55,3574.86,3930.22,3654.88,3524.68,3733.14,4217.49,3007.99,3400.75,2961.35,2551.29,2431.12,1951.22,1942.55,3004.61,2086.37,3246.65,2536.36,2917.33,2342.66,2184.71,1032.34,1120.68,1241.48,1372.72,1209.14,1419.61
197,Version Zero,5606.05,4545.42,4761.78,4281.1,5116.5,3307.22,3530.98,3768.5,3877.27,3249.77,3543.38,2907.89,3498.79,3333.81,4376.59,4431.8,2797.24,2261.47,2976.99,3099.75,3091.88,2768.91,2685.75,1668.31,2555.36,3144.19,3742.08,2517.78,2254.55,1820.4,1291.41,1501.81,483.51,1071.35,1180.21,1236.39
198,Version Zero,4903.49,4775.66,4593.48,4262.79,4591.49,3803.51,2813.42,3505.11,3400.76,2695.82,3117.01,2924.72,3012.63,3682.59,3422.43,3377.44,3515.07,3059.66,2694.89,2721.47,2812.06,1662.67,2610.38,1933.19,2154.21,1883.73,2887.96,2787.93,2387.46,1756.65,1459.87,493.71,776.79,1558.56,929.22,1521.11
199,Version Zero,5422.12,6484.08,5883.51,5593.6,5070.99,4047.63,3700.23,4040.91,3407.33,4509.37,3499.61,3738.89,4529.37,4340.4,3979.27,3893.44,3668.59,4241.83,3165.74,3072.15,2838.56,1758.04,3241.33,2781.63,2505.59,2346.27,4009.93,3138.4,2834.45,2478.83,1686.02,1774.12,1665.61,1260.21,1257.3,957.43
200,Version Zero,5832.75,5997.68,5260.73,6137.37,5280.02,5525.5,3916.05,3457.56,3832.65,4265.31,4269.92,4597.12,4983.58,4800,4651.31,3827.76,4117.53,2892.33,3507.71,2605.25,2992.63,1999.3,2467.41,2790.95,3414.35,3126.92,3614.79,2950.15,2413.95,2673.97,936.14,1278.54,1954.59,1119.22,1055.06,880.45
