"A","B","C"
38.45,35.37,45.37
44.44,44.33,49.17
73.04,37.13,48.92
56.23,31.4,38.64
29.18,51.83,61.46
40.75,47.47,57.6
48.84,29.47,40.33
33.45,26.14,54.07
43.53,27.89,56.82
63.86,44.7,67.51
37.05,71.69,51.48
47.59,19.25,58.59
51.1,48.24,43.32
29.59,54.42,57.6
38.63,33.88,56.13
55.1,53.77,33.31
45.88,22.75,29.48
28.47,41.85,68.19
38.86,56.33,62.45
46.46,56.9,55.2
37.14,59.15,42.69
63.01,56.17,55.14
72.46,43.75,47.69
48.57,15.43,54.89
37.66,21.8,40.8
50.43,46.7,42.89
35.76,54.33,51.94
27.71,32.13,75.34
36.65,47.13,59.47
37.78,58.8,22.48
33.69,64.99,51.07
48.92,68.75,50.39
37.82,70.45,50.69
52.41,62.5,57.14
46.93,21.15,53.03
32.25,60.66,44.6
65.1,51.21,26.29
27.78,38.43,52.22
34.47,31.49,49.48
46.11,38.09,54.39
45.42,30.2,40.59
46.54,42.41,40.52
39.76,26.55,51.19
49.7,42.26,47.94
92.19,52.74,52.83
32.19,35.51,27.85
38.54,38.29,35.11
42.87,63.22,63.57
20.2,63.96,52.27
32.46,43.48,56.79
68.9,40.76,-5.78
64.54,40.1,61.35
54.96,61.38,29.02
47.52,64.68,49.01
59.48,61.32,72.36
49.59,45.33,50.51
33.04,56.31,51.64
49.7,42.68,61.86
68.07,38.22,44.02
42.79,65.24,6.89
39.84,25.21,41.31
49.74,49.15,51.2
47.71,53.99,46.19
77.63,62.19,73.87
41.2,49.48,69.88
64.25,46.72,43.68
45.19,38.31,34.61
46.03,34.14,34.13
56.96,62.99,74.58
58.33,60.22,48.69
19.11,31.85,56.21
34.86,38.19,36.07
57.47,48.01,54.1
43.25,45.53,59.33
47.19,60.58,56.95
59.43,26.56,33.48
29.47,49.62,57.68
19.73,68.11,43.53
47.12,64.2,52.07
36.42,38.37,36.36
37.86,68.08,28.69
20.44,64.24,39.88
49.27,55.36,52.99
33.55,17.69,63.2
61.39,45.19,14.82
50.72,60.93,58.53
41,41.07,57.63
31.69,58.83,52.18
47.81,53.33,55.26
39.16,47.43,59.35
51.2,35.26,67.78
39,54.83,58.2
41.53,47.1,91.55
38.32,57.4,68.77
34.39,63.33,65.57
35.98,46.4,44.37
55.85,55.13,29.22
41.03,39.41,43.13
41.81,71.99,46.4
51.5,84.2,39.72
58.24,31.69,67.52
57.69,56.96,45.64
47.85,55.19,53.25
52.65,57.89,14.68
33.45,41.36,29.74
70.7,43.94,24.73
42.73,33.8,52.18
33.06,45.32,30.15
17.93,38.91,32.23
49.75,22.92,60.27
43.84,54.23,41.42
25.45,63.8,40.68
41.18,56.53,45.37
56.39,76.43,71.19
30.79,63.89,46.81
64.15,10.62,58.62
33.45,54.62,47.45
49.56,50.38,41.06
16.57,60.29,61.02
41.96,38.72,47.85
55.12,28.78,27.25
52.17,29.1,44.49
63.75,35.53,40.36
30.68,66.22,74.51
61.47,29.91,55.36
67.41,44.12,61.89
51.22,65.47,42.01
54.34,40.7,55.87
58.04,54.2,43.85
37.51,56.91,25.31
43.09,61.09,59.05
51.44,52.69,27.44
54.18,34.48,8.45
36.03,49.83,72.15
17.65,20.38,50.77
15.25,32.11,13.82
9.29,33.31,35.71
72.43,53.63,72.52
57.35,44.5,25.22
17.79,68.99,41.21
51.67,68.89,52.26
43.27,35.73,31.97
38.27,48.63,72.4
52.24,38.97,54.85
48.85,45.39,37.1
8.07,62.63,41.03
44.18,54.83,68.21
51.52,34.47,61.56
50.8,33.27,47.33
49.77,72.52,43.12
43.75,53.23,57.26
46.57,32.36,62.48
43.19,29.87,65.24
29.25,28.29,43.61
40.69,22.3,39.15
22.05,37.71,44.62
40.17,22.21,45.94
30.54,35.55,28.15
49.27,44.62,47.72
0.91,25.56,60.23
55.55,57.87,50.22
52.99,59.9,33.27
49.17,43.38,49.94
41.48,33.58,27.25
51.98,65.67,62.1
70.22,44.09,42.39
36.5,31.86,45.92
38.06,19.98,65.17
46.93,46.24,30.47
34.66,80.77,35.75
25.81,53.2,28.18
14.82,52.34,41.01
49.08,23.04,33.07
47.23,37.57,40.72
54.76,64.73,45.62
54.31,38.15,43.96
57.17,23.27,21.53
29.84,22.5,27.24
41.03,48.23,59.04
53.01,40.92,55.9
48.68,41.48,55.09
62.49,73.59,49.75
40.92,37.69,41.84
46.52,21.6,45.91
40.78,18.18,45.62
35.49,57.18,64.62
60.67,21.41,32.71
48.21,52.29,61.2
32.98,57.57,29.39
68.86,46.78,65.68
50.54,54.76,45.74
22.31,47.71,56.81
44.15,35.48,88.98
34.79,67.54,39.28
69.18,58.2,46.93
27.43,45.55,24.06
47.51,58.64,50.27
68.77,30.66,69.78
62.4,70.52,32.19
49.68,63.9,16.72
53.59,44.87,44.97
23.55,31.4,40.22
60.08,39.38,33.85
39.53,52.44,18.83
40.33,36.27,48.93
77.27,51.5,30.27
24.32,53.43,43.82
53.54,18.49,31.02
32.93,54.06,56.35
41.49,58.49,46.19
75.41,47.15,44.86
58.01,53.78,52.08
74.85,52.57,34.62
7.68,67.18,40.03
37.43,34.36,39.72
50.12,38.41,18.86
53.64,63.19,2.62
32.79,26.84,45.18
49.1,59.55,60.69
37.64,66.08,53.66
53.57,56.85,38.86
37.84,57.02,47.11
32.9,45.11,48.81
53.79,59.94,14.62
63.3,53.16,25.57
44.34,45.28,36.22
43.94,66.24,41.32
31.28,50.34,54.24
36.86,36.9,44.2
45.53,56.02,43.93
39.31,51.56,52.43
39.37,21.17,45.06
69.64,41.67,63.67
59.91,50.63,50.65
42.03,61.73,57.29
31.41,35.81,41.89
38.8,52.5,52.76
53.67,42.37,49.92
48.7,50.63,35.35
67.37,52.86,37.2
50.11,53.22,57.53
48.82,33.5,51.59
47.53,42.85,76.87
45.07,52.98,36.39
36.81,71.09,22.06
50.89,37.2,62.89
43.63,71.7,29.97
55.62,36.2,46.15
59.05,26.77,33.25
50.74,63.42,48.58
39.32,35.58,44.85
54.25,56.28,45.73
41.64,42.24,39.13
45.73,26.36,32.19
22.66,57.82,44.51
52.06,37.23,33.13
43.94,46.89,42.8
61.23,59.25,36.68
24.29,2.53,49.89
31.43,47.12,18.36
29.85,34.23,23.77
55.73,58.83,36.18
48.9,52.59,35.96
42.47,40.38,35.05
54.41,57.11,55.4
45.79,64.71,56.95
32.31,42.27,49.41
54.03,12.58,53.44
47.52,60.13,45.26
56.17,44.76,72.56
34.79,40.37,37.14
29.6,54.07,52.48
50.74,44.06,52.28
8.68,44.18,39.99
51.66,44.9,58.78
47.04,40.59,52.03
32.25,63.61,48.31
52.22,25.24,54.74
28.91,36.2,40.93
80.26,45.22,22.05
34.21,46.3,43.28
69.32,57.76,26.51
73.65,28.16,49.31
49.31,66.92,33.12
52.94,54.45,49.46
24.73,41.62,16.77
35.37,24.82,31.42
43.14,26.36,67.97
35.73,59.15,60.51
34.8,38.75,62.04
39.01,62.46,60.05
34.76,52.01,26.64
51.55,76.92,46.66
33.3,24.6,40.81
82.17,72.67,26
35.3,56.24,57.78
30.58,59.01,43.37
56.01,49.26,85.69
44.08,45.24,40.57
49.11,56.31,74.27
55.98,40.74,66.11
46.78,24.51,44.44
61.74,64.65,59.78
49.04,43.29,28.69
61.55,19.62,46.66
33.91,48.83,53.58
49.04,60.29,48.86
43.92,21.54,40.2
63.49,51.67,61.42
38.6,31.5,64.57
34.2,61.24,54.76
45.35,11.92,39.15
29.16,59.03,56.45
30.51,49.71,52.04
74.46,78.71,64.83
25.28,48.81,52.55
48.59,43.4,53.12
42.47,70.76,34.57
54.3,33.63,70.42
32.41,55.43,69.72
61.97,28.92,45.04
50.47,22.03,49.72
38.1,74.43,53.67
55.85,6.93,13.58
53.91,39.17,46.08
60.08,40.06,39.03
58.22,33.09,40.6
54.29,33.23,49.27
48.68,54.9,28.97
50.77,69.57,76.98
66.01,60.05,50.49
81.57,49.95,56.14
47.01,46.01,70.79
32.18,26.6,49.94
30.28,57.43,44.91
34.06,62.88,43.29
73.59,44.11,60.2
53.28,47.39,44.23
49.99,46.04,49.85
53.24,37.01,28.55
52.32,49.46,38.38
39.38,38.57,35.82
60.66,53.41,55.78
48.97,68.02,38.01
62.12,40.2,49.88
48.26,40.84,63.52
45.85,50.84,70.05
37.02,47.76,43.27
48.55,62.11,54.22
48.21,33.63,48.03
46.85,38.2,66.57
49.39,57.14,22.37
56.38,31.24,58.46
29.85,61.95,37.11
39.01,46.13,38.04
46.95,40.04,43.77
52.44,53.12,69.2
56.16,50.49,49.34
31.39,62.85,50.36
42.74,41.33,61.88
40.9,35.33,40.12
55.38,21.08,63.4
35.78,32.96,69
53.57,45.96,59.57
25.77,56.51,60.62
23.22,51.45,52.91
59.14,48.57,31.72
55.43,51.4,56.72
51.02,65.48,56.55
80.16,55.42,33.32
55.17,45.08,37.59
58.39,63.5,71.08
52.79,32.58,59.74
51.96,59.59,74.89
33.4,61.25,43.8
38.37,56.45,45.41
55.15,20.74,54.42
39.06,52.79,77.36
61.04,56.75,30.71
29.82,52.9,48.39
56.06,59.63,57.39
57.22,32.31,28.58
7.15,45.19,51.4
25.28,68.15,53.05
43.78,65.16,32.36
54.44,70.54,58.11
59.44,24.75,48.48
50.92,77.98,49.74
19.81,69,33.87
40.48,51.86,37.44
40.6,37.18,49.97
64.9,46.97,54.88
20.2,43.91,76.09
32.9,58.74,45.09
20.7,31.83,69.29
28,55.21,41.38
44.48,38.41,43.81
37.52,42.06,25.78
48.66,43.84,46.77
20,36.34,64.57
41.86,43.12,45.72
35.28,63.72,65.09
58.72,50.77,60.54
33.1,44.17,62.51
50.01,63.37,38.72
45.9,38.9,50.78
31.57,42.31,39.43
36.1,37.71,31.73
32.6,27.93,49.6
39.88,34.17,44.43
62.12,56.67,57.4
44.5,52.41,48.16
53.34,42.93,34.55
38.05,33.52,44.36
21.41,47.27,63.86
34.54,91.32,64.37
40.11,42.23,30.56
59.12,17.41,13.44
53.94,40.36,65.37
64.27,46.24,56.33
58.3,30.19,47.21
50.37,47.03,54.68
39.96,39.59,48.26
39,48.55,45.73
60.68,63.45,49.83
20.41,65.22,37.94
51.73,48.78,59.55
63.41,58.41,38.69
45.97,49.51,52.09
38.9,44.06,38.4
30.46,70.56,55.29
62.32,36.8,23.06
50.61,49.35,66.12
54.95,23.45,58.27
31.86,27.83,29.09
81.87,40.14,71.18
52.37,75.25,38.48
52.46,24.31,23.74
25.61,16.95,57.17
38.75,44.6,39.07
66.23,30.73,49.11
51.91,59.37,66.02
34.37,50.5,45.43
55.88,34.9,46.05
24.95,46.14,38.73
30.54,53.18,66.63
32.79,52.12,58.63
26.58,51.7,39.1
46.73,36.71,40.2
35.28,38.27,90.1
45.46,37.61,57.93
55.29,21.8,39.34
27.57,14.24,70.68
30.57,49.7,45.8
48.92,45.71,45.84
23.87,52.81,44.24
33.21,38.63,64.16
44.35,59.9,56.24
42.33,22.55,38.36
31.2,26.92,33.97
63.56,48.68,44.5
29.62,48.97,35.36
34.13,72.11,46.47
34.79,59.87,51.18
47.29,45.75,42.55
38.63,44.48,73.64
45.1,21.4,31.46
28.61,25.86,39.52
67.91,44.16,45.36
42.05,32.4,51.41
43.25,25.04,58.29
27.97,45.42,32.02
64.22,63.82,30.37
46.15,13.36,36.93
29.11,18.07,56.59
53.42,23.9,45.3
47.38,62.31,60.51
28.34,31.1,40.96
64.3,34.31,31.47
30.75,57.3,66.06
35.47,52.81,61.31
44.41,64.49,48.22
44.06,56.36,56.61
57.46,47.03,38.74
39.66,29.6,55.81
33.93,44.79,49.44
42.15,46.68,38.31
36.89,68.13,39.75
55.96,54.32,52.27
35.27,11.95,23.55
29.81,60.24,22.27
60.98,21.39,53.31
25.17,56.9,45.71
50.54,35.71,52.9
52.14,48.97,41.79
35.38,46.38,56.09
39.07,58.83,52.62
46.01,33.25,36.91
52.02,34.6,40.19
54.28,44.39,21.8
30.22,30.24,71.13
47.85,58.58,46.83
31.89,37.47,42.57
45.58,32.37,51.96
55.42,68.02,59.83
46.2,33.88,39.85
63.81,56.58,37.42
28.5,38.4,35.1
46.04,23.55,30.7
38.05,61.16,35.83
36.17,23.37,50.17
56.04,52.52,59.11
38.84,37.07,71.07
27.96,58.51,34.12
48.98,57.01,66.47
13.56,46.38,58.09
34.87,24.68,46.87
23.74,59.38,54.52
22.37,29.93,60.25
27.94,38.84,42.94
51.49,42.3,15.12
64.62,38.29,58.77
42.44,57.89,28.4
52.99,35.88,69.29
71.97,25.37,53.62
45.45,37.62,48.88
60.13,55.88,13.75
77.34,46.3,36.25
64.27,31.88,34.42
73.8,59.56,74.99
51.77,52.58,26.06
38.17,35.11,53.64
49.12,36.57,56.02
34.05,21.58,25.58
66.82,45.22,55.65
39.4,54.35,26.04
62.98,40.74,63.22
24.27,23.65,38.5
44.21,65.21,40.83
33.69,51.08,38.06
50.23,46.7,39.92
39.28,41.17,32.73
39.89,23.33,46.42
47.6,49.21,44.24
50.26,56.66,39.33
46.91,41.59,50.48
30.85,56.37,44.66
38.63,58.83,33.62
56.99,69.57,43.05
46.5,40.34,59.63
37.68,49.72,69.25
45.62,40.74,59.06
56.69,21.71,32.33
33.09,35.31,37.05
46.35,27.02,64.9
62.23,42.9,46.9
33.08,64.9,69.12
21.04,23.08,62.56
70.55,53.03,45.66
62.76,37.98,47.59
52.53,40.48,42.54
48.83,49.96,72.83
34.64,43.75,42.4
38.48,31.9,32.1
56.36,67.12,32.84
13.93,49.4,60.65
23.72,27.4,50.29
46.46,43.95,60.36
47.37,55.02,41.7
51.61,67.54,35.66
16.32,28.96,30.41
44.43,38.15,46.91
50.61,26.03,46.98
24.36,53.67,29.63
21.09,67.89,53.01
30.59,42.11,54.42
55.79,20.23,41.53
72.37,37.94,35.84
60.61,29.41,24.1
46.22,23.79,75.99
39.21,50.54,53.28
43.35,35.48,44.14
42.35,62.56,26.57
50.03,64.76,41.92
54.42,51.82,47.06
38.67,32.96,59.15
47.57,28.03,44.87
25.07,28.88,43.33
26.72,35.92,60.23
49.32,46.48,52.87
33.94,19.11,33.8
43.14,57.76,46.56
32.34,27.55,55.7
38.23,31.25,86.29
46.05,44.93,45.67
57.42,18.98,29.03
62.74,39,61.46
36.08,40.24,22.7
52.99,46.18,50.61
37.3,49.41,23.04
40.75,32.8,36.77
38.82,19.29,82.81
67.08,47.78,41.97
63.12,69.69,51.04
49.8,38.23,49.47
68.36,60.22,73.51
76.33,49.25,55.71
68,9.37,66.37
19.44,14.31,46.22
31.11,39.81,22.41
31.25,59.54,37.57
35.81,63.89,24.29
25.29,44.56,24.72
47.46,47.43,58.95
54.44,65.85,22.64
23.36,41.33,58.67
35.1,41.89,40.76
69.12,52.85,54.22
40.19,36.87,50.09
70.42,68.91,41.53
38.06,44.74,43.03
38.73,38.78,48.27
26,29.39,48.53
36.57,65.02,65.44
41.83,61.3,76.74
43.23,51.85,38.09
43.68,30.98,59.74
30.71,46.7,9.72
16.39,68.79,48.7
65.73,41.94,53.12
72.16,41.6,55.41
45.02,44.19,30.58
55.57,61.97,42.29
28.29,62.16,42.91
93.43,43.03,33.37
56.18,40.38,54.01
53.55,49.44,41.36
53.68,54.35,58.85
44.39,51.2,86.22
49.42,63.71,45.25
62.71,50.68,43
48,30.57,63.15
20.92,64.06,38.79
54.24,40.45,51.37
74.49,63.71,48.71
51.08,28.47,46.28
55.84,52.1,47.97
40.27,37.05,27
55.25,44,45.12
25.91,32.59,46.99
43.55,43.01,31.33
33.8,34.89,43.17
33.77,52.58,59.03
30.87,26.52,46.95
40.18,38.8,86.34
56.98,34.57,30.49
39.55,57.68,45.16
45.11,57.54,71.76
55.01,28.81,57.73
55.3,53.35,53.05
58.61,52.36,54.7
64.9,42.16,31.82
36.96,47.46,14.53
86.04,50.73,55.52
65.51,50.11,72.94
66.15,28.91,47.64
61.79,74.95,46.44
74.25,28.82,54.93
43.61,33.33,62.34
22.25,43.52,60.23
66.36,41.29,46.9
28.58,68.53,29.79
70.1,44.56,50.36
46.52,57.21,74.3
56.95,39.77,52.23
55.55,44.49,51.97
58.73,65.49,48.99
53.82,32.2,65.67
47.8,43.44,42.97
50.46,35.48,61.98
37.33,54.64,53.22
51.09,31.04,33.58
46.55,52.42,44.93
42.86,60.44,47.15
54.6,50.61,28.63
39.95,17.77,38.05
36.08,64.84,64.39
50.58,57.13,37.42
37.65,40.27,49.71
56.17,49.75,9.43
45.07,18.38,29.79
64.36,29.95,45.68
23.98,39.81,49.85
51.77,64.22,55.59
32.88,48.98,45.33
35.46,44.55,63.11
28.43,40.68,41
71.24,27.4,63.34
42.85,44.93,14.08
56.55,32.44,58.69
37.07,77.23,32.81
28.32,41.17,58.03
42.68,36.1,69.55
49.07,60.31,48.35
54.64,27.84,37.5
42.41,38.73,29.34
42.56,32.51,46.8
62.48,17.24,60.86
44.56,55.79,64.27
56.15,47.41,46.17
43.39,42.55,35.59
47.34,71.33,47.14
36.85,38.71,48.35
45.42,62.44,40.39
47.5,45.26,34.08
44.5,39.45,55.58
40.03,56.67,30.27
9.41,34.15,49.62
34.1,71.89,66.64
63.43,64.46,40.58
33.14,17.35,54.58
22.7,61.28,29.36
40.44,73.67,57.84
45.96,32.2,77.36
54.49,35.52,40.49
41.49,17.47,61.11
33.07,64.58,52.81
61.02,56.58,47.24
17.68,71.59,55.52
50.86,30.89,58.85
62.61,29.8,39.94
11.02,32.29,43.2
30.78,45.54,39.19
43.06,21.87,43.45
37.74,41.84,63.69
43.23,36.74,50.9
16.38,42.13,21.35
22.81,35.83,31.19
54.78,50.5,48.78
34.59,20.77,62.73
54.92,54.23,41.31
37.68,38.52,57.06
18.91,21.76,47.03
46.13,50.73,55.43
66.28,31.29,41.72
63.32,39.91,38.79
95.52,40.05,65.96
21.26,47.4,42.93
26.99,31.22,30.78
68.57,42.83,35.12
45.65,29.07,49.01
33.83,66.79,52.49
44.76,27.94,42.16
50.46,50.53,66.48
30.91,36.25,51.87
47.69,31.45,51.51
44.72,17.18,73.07
20.74,46.19,49.4
62.8,47.33,30.52
40.61,51.11,31.79
40.69,10.59,49.22
53.42,56.23,37.08
30.35,71.66,75.19
42.41,34.16,41.9
40.35,61.67,55.41
50.78,61.64,44.09
23.64,76.99,43.3
30.36,48.26,50.37
65.05,48.92,52.36
55.22,58.39,36.82
56.83,62.51,38.24
29.51,54.25,66.32
31.81,34.37,50.1
46.86,37.98,73.03
59.28,48.73,77.86
29.31,59.53,59.85
32.12,54.58,55.01
44.58,56.83,54.56
41.18,28.63,69.79
40.94,50.13,41.27
35.39,41.67,20.97
62.94,59.1,31.71
20.32,40.86,83.22
48.55,46.71,41.44
52.13,38.36,69.57
48.75,55.62,63.64
36.41,62.74,47.14
56.09,23.1,54.84
38.57,60.8,37.06
33.02,40.7,54.57
25.61,69.58,41.26
44.66,41.54,49.28
70.88,68.48,43.03
50.92,58.58,62.07
67.43,22.09,57.96
62.71,51.63,43.32
58.99,26.06,26.62
25.04,60.56,42.03
33.49,38.05,48.39
31.46,46.48,49.49
47.68,52.4,60.85
55.49,51.68,61.57
44.77,62.29,41.33
45.77,31.01,26.67
43.73,53.91,43.67
42.86,39.01,60.69
51.21,41.66,40.87
39.11,57.5,34.34
48.06,30.54,57.35
64.27,-4.09,16.7
29.24,49.87,47.44
43.23,47.1,32.42
47.02,62.58,36.64
43.56,62.7,37.29
16.07,45.24,48.03
23.95,58.32,52.8
51.85,26.81,53.89
72.28,55.46,61.62
55.12,64.34,46.73
56.71,30.73,45.73
49.15,35.21,73.4
42.88,44.23,58.08
25.39,51.76,28.89
44.36,82.67,53.72
38.12,38.15,41.65
50.78,63.68,49.07
68.13,45.84,57.93
46.12,47.48,21.96
48.02,43.31,45.09
41.5,61.98,53.92
30.65,46.77,46.17
37.45,52.95,57.25
26.34,23.56,58.09
55.82,46.69,24.78
55.68,57.87,71.26
44.17,45.07,51.01
41.34,37.48,77.03
18.44,9.2,54.19
33.82,28.73,54.79
48.9,60.32,34.47
52.89,42.87,36.08
48.06,56.58,64.22
54.03,29.52,48.47
43.01,44.92,61.51
56.14,51.96,48.45
51.94,20.01,63.77
58.44,58.71,10.86
37.77,53.06,80.12
42.96,25.72,39.72
58.91,53.59,58.86
36.04,63.77,47.22
45.77,47.72,42.3
38.42,32.86,31.76
41.97,51.36,47.83
53.84,52.89,19.81
44.66,45.97,51.55
69.25,35.28,57.2
35.45,44.78,53.56
24.62,55.4,11.88
52.29,33.35,39.83
37.09,29.12,52.31
78.22,51.92,30.03
25.68,51.07,30.54
58.11,52.23,26.97
60.41,30.41,57.3
28.2,55.67,47.33
53.56,33.05,42.19
28.05,41.22,50.49
40.44,57.93,55.16
41.85,30.77,38.92
49.78,70.75,21.36
51.96,30.93,24.82
35.59,32.7,52.15
79.34,50.89,23.84
29.56,22.55,31.09
46.98,46.67,57.8
42.44,29.28,45.24
50.13,56.76,57.06
40.9,58.24,58.59
49.82,37.23,39.97
56.45,40.7,34.9
35.95,69.22,59.63
62.65,46.02,35.13
62.3,40.4,54.65
65.1,66.5,67.22
76.78,44.26,38.21
27.25,36.21,63.32
29.91,49.77,37.83
49.69,48.15,58.31
37.95,74.55,44.58
61.41,46.55,66.08
68.45,37.56,45.3
36.21,43.93,15.15
35.62,79.66,60.46
46.45,41.46,69.56
44.44,31.87,59.95
49.41,40.9,35.8
62.13,45.05,50.65
57.85,59.83,62.58
65.24,26.55,36.34
59.52,44.65,35.12
32.26,50.88,36.73
44.86,26.35,36.96
53.38,39.34,28.92
29.91,52.31,58.36
46.3,45.56,66.28
33.33,45.45,6.93
59.41,55.29,38.63
61.33,42.35,38.9
50.9,50.77,33.95
57.83,61.4,67.92
57.43,43.4,60.23
28.48,49.37,45.85
41.05,56.82,48.13
53.83,34.72,37.95
48.48,63.59,21.39
42.85,37.69,56.72
28.94,50.13,31.35
19,41.28,48.06
45.82,38.65,65.92
10.75,42.99,41.08
39,72.27,31.66
42.2,38.68,30.11
51.98,49.48,58.97
36.48,22.73,38.72
36.16,35.67,34.26
49.29,50.92,46.6
27.84,32.46,49.11
35.21,58.74,48.94
12.9,38.55,56.71
39.41,48.32,33
45.53,55.27,21.29
52.57,37.71,58.02
43.04,51.24,57.62
45.52,32.45,48.13
48.91,37.95,54.85
31.74,51.53,49.64
59.41,44.19,49.46
23.4,37.18,33.72
49.33,38.32,27.69
59.89,28.83,50.25
40.95,29.35,45.06
46.08,63.54,35.76
47.72,50.44,33.85
40.74,29.84,43.57
32.07,28.11,79.59
46.64,60.76,69.79
51.14,55.27,62.91
36.06,34.15,67.29
40,43.86,44.45
45.58,45.76,38.29
40.74,37.09,29.07
60.36,26.42,68
56.32,47.02,51.43
42.03,28.6,54.14
37.88,36.21,44.82
40.2,59.7,67.43
44.89,51.43,34.44
28.96,35.28,59.79
29.58,51.44,44.04
42.11,47.28,49.87
36.81,47.96,44.2
55.37,49.42,64.92
33.68,66.1,42.15
45.02,36.48,52.01
51.67,21.92,67.88
49.99,34.29,76.79
61.69,42.5,63.98
25.43,43.57,69.48
45.52,46.8,61.92
38.11,33.29,49.67
61.24,36.11,29.57
70.96,60.5,27.17
48.57,35.57,46.07
63.69,65.03,34.68
41.48,5.74,40.87
48.15,49.38,51.15
38.6,68.36,42.66
41.41,54.59,47.2
51.7,39.83,61.82
70.47,27.57,24.9
67.34,30.18,50.17
57.28,33.44,69.4
62.06,45.61,59.75
23.19,49.5,55.09
42.31,35.2,59.16
37.66,64.23,49.64
40.84,47.43,43.48
36.89,71.88,49.64
47.58,38.04,67.73
24.48,44.34,54.33
48.09,36.44,15.89
62.04,51.39,60.41
47.06,59.67,77.51
62.14,57.05,59.89
37.34,27.22,44.55
44.37,37.93,54.49
34.51,51.78,67.16
14.31,32.5,35.78
43.13,27.83,47.85
44.31,37.39,71.05
33.3,46.71,51.53
52.47,76.83,65.72
46.89,52.85,58.39
68.67,58.19,54.46
39.51,61.7,33.29
18.76,63.01,69.72
47.55,20.82,42.08
12.63,33.74,49.19
41.45,25.09,61.9
44.29,56.91,51.99
31.25,40.52,51.46
32.87,40.97,61.31
51.31,53.39,57.61
50.83,52.7,74.13
46.92,53.19,69.63
32.95,57.44,72.12
38.18,58.06,23.65
32.93,35.57,38.3
63.85,46.2,62.92
42.09,44.1,23.36
19.31,62.13,63.18
48.15,62.34,63.4
32.33,31.46,59.78
22.49,43.92,57.66
63.14,29.06,45.49
48.39,34.99,74.03
19.33,31.49,52.66
78.17,46.01,58.17
48.92,47.46,19.22
50.91,49.32,68.86
60.13,33.57,56.81
45.63,41.59,55.4
23.84,43.44,46.18
36.95,46.54,48.52
18.95,36.77,62.78
48.99,52.84,31.34
56.93,56.46,67.6
39.75,57.09,62.19
38.84,65.14,58.7
56.06,30.52,50.4
54.81,54.81,73.13
35.5,51.11,49.76
44.86,39.33,47.95
42.97,69.17,40.35
55.92,48.93,55.68
37.12,59.34,52.94
59.24,36.45,38.33
42.3,60.46,38.35
53.58,17.92,52.63
50.04,31.98,40.66
60.54,55.69,58.48
53.43,46.55,46.68
42,32.64,41.94
61.32,43.39,35.39
50.12,55.02,69.88
65.26,48.39,40.75
13.11,32.94,46.58
33.18,3.26,45.03
44.7,15.3,56.74
56.4,7.82,33.22
52.2,77.91,60.73
41.08,71.44,30.19
30.03,35.45,65.58
39.04,38.39,19.75
60.05,34.92,79.29
18.24,43.48,52.53
49.25,43.91,33.9
41.86,50.95,37.94
18.13,22.64,58.15
56,56.66,48.55
39.16,32.69,36.44
48.14,25.73,64
46.97,44.42,42.96
33.96,19.1,55.48
51.25,46.1,76.31
42.37,37.86,45.69
62.07,36.42,35.55
29.38,25.18,30.74
53.35,52.94,49.93
56.7,52.59,61.52
34.13,35.44,56.67
44.53,40.81,56.42
42.2,27.7,48.09
31.81,26.22,41.26
28.73,60.07,57.01
48.04,42.16,29.4
51.77,40.11,70.89
53.4,46.72,70.95
16.21,50.22,57.08
76.93,66.55,74.99
70.7,40.14,56.32
64.43,59.35,36.18
41.74,44.71,30.34
22.03,71.88,58.34
53,44.7,42.1
54.71,49.59,47.25
47.63,43.66,23.95
25.89,28.43,56.92
57.35,60.88,59.7
66.48,22.63,52.19
37.52,43.35,22.25
57.89,42.88,65.3
54.32,24.83,49.97
23.21,43.37,48.85
40.36,7.24,47.06
22.91,39.3,54.49
21.53,15.75,49.97
62.33,38.19,54.86
71.69,65.62,36.96
36.88,39.59,67.46
70.86,54.36,49.63
24.95,33.94,63.12
45.04,52.27,52.73
21.85,51.39,23.26
34.45,32.89,65.54
49.58,30.9,62.06
54.26,42.1,86.21
30.42,52.14,69.51
37.87,7.64,54.64
63.21,28.35,50.74
44.03,34.08,38.65
80.44,43.8,44.31
61,43.85,46.12
58,34.53,40.19
42.08,60.58,32.44
40.79,41.18,45.35
48.52,54.73,51.63
34.38,34.26,36.85
51.54,55.26,58.09
26.08,54.72,37.15
71.1,31.75,57.15
39.72,42.28,34.93
35.29,24.7,38.45
47.45,62.56,50.17
84.87,29.27,37.53
42.14,36.15,38.08
48.93,50.71,40.45
17.55,40.52,35.68
31.2,41.2,46.68
42.62,39.88,19.07
62.09,48.13,75.02
15.1,52.22,52.97
82.37,14.28,45.14
50.85,49.33,54.16
43.01,57.12,52.39
29.19,64.01,46.92
32.13,57.12,69.32
44.42,23.63,54.05
58.35,35.72,54.3
40.13,49.14,62.85
42.28,40.59,50.2
44.1,49.26,36.57
37.69,18.15,41.96
28.18,40.16,36.55
40.7,56.76,25.16
52.99,40.56,57.19
51.55,43.88,45.06
35.05,52.41,69.12
63.15,32.38,29.4
52.22,65.4,33.23
17.91,44.01,31.43
63.76,40.65,57.05
53.07,66.64,63.34
41.96,56.86,38.98
67.59,50.58,24.34
48.73,32.37,38.71
41.53,47.87,30.95
52.18,34.95,61.43
48.13,19.1,61.66
51.71,22.66,30.42
54.21,46.53,34.24
41.55,37.02,50.68
55.81,58.69,36.57
34.48,6.6,52.03
39.28,40.96,51.02
30.74,21.92,79.36
59.48,33.11,37.46
54.5,23.93,72.7
60.25,16.04,27.51
52.33,23.47,33.5
58.73,47.52,54.27
32.67,26.08,46.69
60.78,42.36,24.89
68.95,45.76,58.42
55.51,35.69,39.88
45.31,25.36,47.07
40.64,12.26,61.05
39.8,44.85,41.84
72.95,72.57,37.65
57.61,31.95,23.22
52.01,58.16,67.34
48.49,44.3,62.19
43.51,71.77,50.47
40.13,57.48,49.43
32.38,51.87,69.44
78.02,66.39,29.37
62.82,42.51,45.95
31.26,55.12,58.15
21.38,69.24,33.99
35.51,52.61,28.31
19.01,74.28,29.9
51.71,60.78,62.23
52.86,23.67,61.94
46.43,51.86,62.67
43.48,16.93,60.91
38.81,51.18,30.87
34.83,32.44,51.9
29.41,34.33,41.02
69.63,49.27,44.39
49.5,33.73,31.71
45.56,66.19,62.89
49.34,34.13,40.71
48.09,51.21,50.4
42.3,44.28,52.75
36.57,38.66,58.75
44.93,49.24,62.6
56.95,35.41,35.81
46.84,52.96,46.75
20.13,50.27,42.1
36.17,41.06,54.12
55.16,33.1,51.74
21.38,56.6,63.85
28.32,19.23,58.14
9.03,37.02,46.99
29.48,36.57,45.05
59.89,50.83,27.98
66.43,40.84,27.69
48.28,61.76,60.8
40.28,42,47.21
32.34,27.74,51.52
43.58,50.7,49.08
24.06,61.83,47.7
46.05,56.5,54.44
58.96,47.43,36.22
63.38,51.91,52.72
28.84,53.7,67.65
29.48,83.57,58.75
41.51,53.84,52.48
47.69,26.64,35.24
32.56,44.94,48.16
65.46,29.77,21.98
33.88,42.07,39.07
51.12,29.54,61.51
55.18,61.69,28.01
12.84,82.91,51.62
25.6,63.67,56.82
65.16,57.65,38.09
43.36,32.78,24.97
23.35,42.28,39.74
37.95,25.03,55.89
51.24,34.74,36.8
33.54,48.81,25.51
47.34,39.23,42.31
67.77,37.92,66.8
53.62,34.28,56.35
42.18,55.72,38.09
55.99,66.51,44.47
47.61,43.61,45.75
19.11,47.19,43.96
12.29,43.71,34.79
60.01,67.71,36.36
45.43,33.43,36.92
51.14,51.62,60.87
47.89,36.42,58.33
31.97,58.3,48.41
40.14,59.24,42.41
39.7,44.85,73.39
45.34,48.72,47.75
17.59,53.37,52.44
50.66,37.13,67.12
41.85,43.11,34.34
48,58.03,52.01
63.92,29.09,57.03
39.96,46.16,35.53
48.88,39.96,75.51
64.43,36.79,52.92
75.12,52.82,64.49
47.03,30.82,39.49
73.65,69.8,37.94
28.47,45.54,63.73
26.22,45.48,52.09
37.54,46.23,62.44
38.88,58.64,28.88
61.63,35.84,51.1
32.55,45.52,38.64
43.91,33.73,52.58
38.92,47.27,41.33
32.35,25.76,35.62
22.53,54.56,37.2
34.73,26.84,73.47
41.91,35.62,60.18
46.69,47.99,37.78
76.83,51.69,40.58
32.93,32.08,50.29
59.78,68.31,42.61
30.97,59.67,53.15
37.82,57.08,55.22
43.82,48.86,49.15
43.04,64.42,35.68
33.51,53.39,43.26
39.27,59.69,52.64
49.91,31.32,54.91
66.41,58.53,36.15
48.07,61.64,61.37
73.82,28.83,33.94
50.62,34.46,50.39
32.37,69.8,44.49
55.32,61.75,46.44
53.08,53.92,71.99
44.25,63.99,42.43
33.45,73.23,28.37
52.32,45.9,43.73
33.99,68.93,45.86
26.18,49.46,57.02
61.13,53.09,72.6
54.77,56.9,43.16
36.19,37.08,29.07
56.24,70.95,34.32
24,45.88,70.98
59.61,41.01,14.71
14.84,61.02,41.96
12.03,57.81,39.37
34.09,30.89,56.57
60.12,73.65,47.93
50.03,34.4,67.74
58.51,45.53,25.5
54.38,44.92,49.68
66.34,59.77,38.13
54.87,48.85,49.1
42.2,63.31,16.86
37.93,62.07,52.89
51.8,66.09,54.98
41.75,67.13,48.92
30.96,45.45,45.22
56.46,44.88,62.17
18.8,4.8,41.88
47.86,44.67,59.84
41.65,25.26,45.64
30.42,48.07,49.55
39.02,51.3,54.84
26.41,37.77,57.07
61.82,54.79,42.65
54.38,61.63,64.58
47.28,15.88,34.31
55.53,31.22,65.59
48.69,76.37,50.72
59.45,41.19,35.95
49.23,42.93,55.45
27.77,33.51,31.92
51.82,28.68,31.2
45.15,6.98,52.35
47.11,49.66,48.7
43.35,54.13,63.93
43.18,11.26,60.99
77.1,52.74,43.91
33.34,57.23,49.72
30.75,57.9,46.67
21.11,59.33,50.49
37.72,23.92,45.14
54.75,40.38,34.56
55.83,53.92,46.51
33.24,46.89,45.86
43.23,57.64,36.12
59.98,34.61,65.29
43.85,51.71,20.91
40.23,50.41,70.6
46.93,49.38,33.61
14.77,38.7,44.09
25.32,50.06,56.12
55.04,44.53,42.63
69.5,29.29,42.45
32.36,44.65,39.13
21.22,56.21,36.41
32.97,48.22,55.05
50.15,44.11,37.67
39.88,53.68,21.73
27.65,27.49,49.54
58.36,39.84,42.46
51.9,31.21,41.42
64.7,24.34,64.29
55.09,52.39,45.4
17.36,61.53,66.32
44.34,54.87,48.48
64.06,59.76,42.15
43.07,51.46,36.96
37.25,69.81,54.16
52.98,51.44,47.59
51.68,25.39,44.29
27.68,42.96,47.07
36.59,39.53,25.01
54.87,60.1,60.12
45.31,44.82,9.91
37.38,31.47,47.5
34.58,33.32,34.1
39.89,73.45,55.14
28.48,76.61,40.98
50.06,42.7,71.93
27.14,62.84,58.58
59.7,71.44,40.94
40.82,62.15,38.11
30.18,32.88,43.46
24.47,28.94,50.07
67.39,67.33,55.25
41.14,48.46,61.65
70.52,61.65,48.59
44.3,34.53,53.33
36.75,24.57,43.19
26.45,49.06,24.76
60.09,42.83,53.85
25.12,50.89,60.35
42.31,33.52,38.5
58.43,37.67,53.25
65.63,41.35,26.55
42.84,24.68,26.42
41.92,31.72,42.66
24,45.86,36.65
57.92,75.76,60.56
43.84,36.51,43.76
44.72,51.09,50.59
44.59,50.43,50.4
44.58,74.73,44.81
69.84,47.46,53.79
49.67,39.27,78.82
30.72,47.97,63.08
43.15,64.44,38.07
60.14,14.33,90.05
54.21,32.05,9.98
59.48,44.54,46.3
62.1,40.84,45.41
36.55,51.78,41.76
40.81,44.1,48.11
58.45,63.33,34.58
55.08,45.65,24.67
43.01,54.86,59.85
82.73,38.54,39.09
35.54,54.75,83.35
62.29,27.36,42.3
20.97,35.02,54.78
13.07,63.06,41.25
57.88,32.1,57.5
27.03,49.58,75.66
36.47,57.15,68.1
67.76,38.3,55.6
53.06,43.46,53.48
60.7,40.99,55.39
46.56,32.02,60.52
38.94,69.69,65.13
46.95,48.43,59.09
39.56,59.48,38.97
31.09,32.91,71.86
44.53,47.27,93.01
40.41,61.8,48.37
57.83,44.34,56.22
31.3,76.8,62.6
38.66,23.28,60.54
31.09,63.81,58.74
50.6,29.1,49.53
42.19,57.04,41.33
47.36,38.47,63.28
67.59,39.69,44.8
56.15,34.1,18.58
29.92,45.25,45.95
70.16,52.24,65.26
38.35,58.25,42.81
38.38,60.81,54
43.52,40.23,57.07
44.29,42.07,42.94
69.6,48.78,47.79
59.84,31.59,84.59
79.43,43.77,47.66
57.91,32.39,35.17
34.77,31.57,51.77
71.11,53.63,51.41
33.8,40.83,44.89
51.05,33.8,47.08
43.04,36.81,55.02
51.94,68.61,60.21
40.28,51.11,30.89
38.69,43.47,53.8
24.96,60.23,44.35
64.48,73.16,29.87
36.78,65.55,54.57
42.42,65.38,55.14
35.33,45.8,47.96
47.67,52.79,42.05
29.68,61.82,56.2
45,47.04,64.73
43.97,23.41,26.73
36.08,48.88,39.93
61.73,43.85,52.43
33.53,41.37,61.96
52.46,45.48,37
69.55,64.16,45.11
32.4,45.01,43.93
46.4,46.63,32.31
16.03,45.18,74.22
75.81,33.47,52.81
42.44,23.33,45.44
64.3,65.54,53.71
51.15,36.63,64.25
39.96,50.76,58.18
36.72,54.39,37.86
38.39,50.16,48.01
52.4,51.27,42.26
26.18,53.64,21.67
36.01,57.25,48.58
36.83,25.9,57.92
75.54,30.26,12.98
34.92,28.88,34.26
66.85,47.88,67.51
41.1,49.95,47.34
40.13,3.69,76.78
48.27,39.26,78.19
35.09,80.86,41.44
42.74,45.5,43.83
42.69,51.27,39.09
39.58,79.65,52.3
33.29,87.78,42.73
53.91,48.77,42.41
49.34,35.74,69.2
37.58,65.86,50.36
22.06,42.25,70.13
20.98,52.31,55.31
44.17,10.38,32.63
32.66,32.7,61.75
36.39,62.75,45.46
69.21,69.47,49.26
58.46,13,38.76
55.42,33.92,45.64
51.05,53.05,43.89
61.43,38.11,49.02
72.6,73.95,31.42
30.79,28.59,34.97
46.64,46.95,45.26
41.53,66.15,79.16
43.84,34.93,44.33
38.7,44.8,43.68
56.87,50.38,47.28
45.04,33.15,32.34
56.24,40.34,54.06
42.13,54.94,70.78
30.08,37.39,63.78
25.79,45.27,39.86
58.96,46.8,42.77
79.4,43.19,63.09
70.42,37.83,49.74
34.59,37.25,24.28
18.14,24.28,36.21
24.37,39.07,33.15
50.33,54.86,30.56
34.25,55.1,39.13
17.69,31.72,58.45
59.85,34.17,46.3
29.71,38.03,60.3
37.22,15.24,73.25
47.18,28.51,44.46
45.25,73.66,55.97
43.26,58.47,50.96
46.93,38.65,32.46
36.54,68.78,50.64
45.49,43.59,46.94
61.81,50.91,38.29
34.62,63.33,69.49
64.57,58.39,38.45
46.34,71.02,39.35
44.55,48.71,40.45
51.95,8.78,42.85
39.86,49.83,58.4
27.05,50.48,39.39
59.15,38.95,33.3
58.5,47.92,34.42
65.86,31.51,23.75
53.72,53.13,42.03
45.96,39.91,63.07
37.3,44.36,50.45
47.01,50.84,42.3
37.57,46.25,51.06
36.01,30.57,52.74
30.3,39.34,53.94
37.88,36.11,30.9
35.02,29.29,30.61
57,52.5,41.94
23.65,43.95,73.77
48.14,32.02,48.91
59.87,61.65,35.72
67.25,25.92,50.15
54.79,68.14,46.84
29.68,49.78,49.52
62.96,41.72,50.65
63.73,34.97,52.22
33.31,31.88,42.22
78.74,27.59,53.58
48.97,28.67,27.34
55.04,42.29,72.63
34.58,20.31,33.56
53.02,14.15,12.02
53.16,17.45,52.71
48.22,77.88,76.85
59.26,55.96,47.85
33.08,31.15,60.58
27.06,54.16,50.62
46.32,38.09,46.16
55.26,30.96,51.42
51.58,55.16,30.69
43.85,26.32,57.73
48.02,79.48,56.57
63.36,32.76,46.69
46.61,54.64,66.23
34.82,59.71,46.91
58.94,59.74,49.27
42.03,47.28,32.77
51.93,28.04,43.42
50.86,34.19,54.42
43.83,57.09,50.58
45.74,44.79,43.66
48.75,17.24,47.5
72.83,45.1,59.94
44.12,50.84,40.89
12.96,51.4,41.55
46.49,52.96,43.57
42.55,57.7,54.28
37.61,31.06,58.46
50.72,48.86,65.67
47.13,51,62.5
19.65,31.58,66.31
58.91,41.29,7.15
53.95,44.23,58.59
53.46,69.53,47.19
51.02,28.9,25.57
48.56,36.12,33.86
36.32,42.82,44.2
43.08,55.51,47.54
59.56,55.81,66.07
29.58,38.19,34.51
37.88,48.34,66.51
47.11,42.61,56.88
31.4,40.69,47.24
38.84,44.54,62.64
61.13,38.63,58.45
49.83,39.49,50.18
46.42,44.59,35.4
31.33,52.97,45.86
42.78,39.57,54.42
63.81,78.57,33.44
55.03,33.62,68.99
42.44,31.96,36.21
59.21,45.57,51.19
43.62,47.81,43.55
37.29,53.13,40.85
33.55,46.73,56.5
35.13,45.17,45.19
53.92,45.4,45.87
44.81,51.96,77.84
79.3,31.12,33.51
40,40.38,38.81
62.76,57.29,59.8
74.23,49.94,64.5
30.23,34.91,62.69
60.78,40.28,42.95
48.68,37.65,36.05
29.35,41.05,31.84
41.84,44.92,46.34
44.23,43.48,56.27
34.19,43.51,27.22
55.15,42.79,32.66
43.1,54.91,41.07
48.32,27.33,74.05
53.5,47.65,64.56
72.56,31.15,46.71
35.03,60.35,25.78
53.82,50.02,47.34
53.53,58.22,43.03
53.72,49.53,60.24
40.31,68.18,42.13
34.39,40.28,65.26
66.94,37.34,31.45
40.48,41.6,58.97
64.19,60.14,53.03
58,43.57,33.3
43.16,45.26,71.21
34.89,52.07,44.35
59.59,31.23,26.18
44.98,63.34,50.5
52.79,54.39,62.53
30.84,64.26,23.12
60.9,46.88,40.45
29.4,59.87,62.03
58.03,31.79,74.4
29.9,38.47,47.27
31.24,40.57,23.7
43.35,29.66,30.79
32.18,71.1,25.01
29.06,61.42,37.47
36.6,32.71,49.84
63.79,30.08,33.97
39.93,45.18,47.51
60.99,57.37,43.6
52.61,23.45,50.77
68.74,67.61,57.69
59.96,37.13,66.84
45.55,39.67,51.29
49.76,60.63,54.34
46.51,63.83,67.29
55.81,48.85,32.31
34.68,59.66,31.58
28.16,30.45,46.22
59.83,46.61,57.87
47.95,61.61,24.15
57.78,54.26,59.49
56.23,34.32,64.51
62.95,43.04,44.35
32.3,29.57,75.9
24.94,23.48,47.56
39.31,61.01,75.81
13.39,42.43,54.07
26.48,40.73,59.47
67.07,60.39,44.16
31.45,52.05,54.89
37.37,50.07,49.39
57.45,79.32,41.27
28.38,29.67,60.55
74.31,61.32,34.94
41.95,66.9,49.89
40.27,60.51,20.23
46.29,55.21,25.34
61.16,63.07,44.53
68.23,32.58,38.32
80.24,46.93,45.73
23.14,56.74,32.11
55.4,18.9,47.16
28.93,64.01,48.46
39.36,39.24,48.66
43.11,30,76.93
29.13,48.89,48.89
52.46,54.55,6.16
49.43,37.79,48.73
49.89,31.76,48.19
47.96,50.19,62.39
14.53,27.5,63.91
44.29,50.08,47.01
57.24,44.6,52.76
54.54,40.17,66.65
29.05,22.89,39.37
45.32,71.92,25.67
37.45,37.38,57.47
14.55,47.15,49.43
60.47,40.77,64.88
78.97,31.08,33.96
43.12,42.8,61.9
30.85,64.67,43.14
37.76,28.45,42.2
42.69,100.19,55.24
44.99,42.49,48.11
68.75,70.13,12.15
51.01,45.99,36.63
21.6,54.71,56.16
39.87,60.68,47.17
34.1,24.62,63.5
17.53,49.43,36.73
63.76,54.77,45
46.66,31.89,31.08
39.79,26.57,36.39
62.23,34.29,33.2
59.77,47.26,51.78
42.75,39.65,75.14
42.28,30.5,47.98
35.55,26.79,53.6
44.09,53.27,46.09
50.78,34.64,36.62
40.06,43.3,58.1
30.28,40.42,25.15
41.27,37.36,52.65
54.38,64.83,49.94
55.79,33.91,40.93
51.95,42.78,61.24
47.99,16.64,41.16
30.47,32.17,33.2
36.42,44.77,74.83
29.07,58.65,15.41
23.13,45.34,55.03
49.32,31.82,22.26
70.23,39.8,83.95
60.8,66.55,44.97
61.12,54.42,49.48
38.61,66.97,26.57
25.15,67.11,47.71
43.2,51.2,40.99
44.22,48.5,52.95
47.28,78.93,26.01
46.25,44.82,38.57
50.84,74.91,66.88
52.13,70.01,45.44
42.24,55.49,21.75
48.64,35.85,46.21
41.62,25.51,41.74
45.61,46.98,39.98
51.76,46.29,62.17
43.03,56.36,18.7
40.28,56.99,12.56
38.11,57.74,35.29
55.46,46.72,39.78
58.99,42.46,15.24
55.39,49.77,55.89
38.15,34.21,48.09
52.62,50.76,70.18
48.65,27.21,49.77
34.37,67.62,50.01
29.15,58.16,49.13
32.7,50.48,31.37
50.7,28.81,44.24
49.61,51.41,41.88
28.27,59.07,53.3
46.63,44.77,60.26
32.14,24.42,32.25
20.78,39.14,39.89
64.18,30.24,61.73
45.43,33.19,61.94
33.46,42.59,48.62
38.22,26.45,37.19
53.22,74.61,35.42
53.49,33.35,43.55
36.73,49.22,60.75
43.35,56.71,64.49
31.9,47.29,44.59
41.37,39.54,35
53.21,58.61,77.77
45.57,55,26.09
37.69,33.01,58.69
26.53,55.53,63.17
49.78,68.71,31.64
43.59,64.38,31.26
46.67,33.43,71.46
56.03,46.38,55.3
57.93,65.66,18.29
39.72,53.6,51.49
53.67,55.33,72.2
43.78,59.69,56.78
35.96,53.2,31.64
27.15,39.66,34.97
19.98,67.51,40.22
49.8,43.48,45.47
52.02,43.41,48.04
37.56,34.13,26.81
58.37,36.54,49.28
39.08,39.45,37.56
43.56,29.46,54.12
47.94,70.26,68.22
63.64,28.06,43.17
55.39,19.27,46.81
43.64,47.33,32.17
51.88,53.73,67.49
64.05,27.89,36.34
47.65,40.51,50.3
26.38,58.04,48.21
62.19,12.99,64.03
26.14,53.46,31.99
47.94,43.89,46.32
13.3,39.69,33.59
57.41,45.09,27.87
32.69,56.77,57.12
58.56,58.74,45.27
36.99,45.2,37.02
34.03,88.98,45.7
43.41,53.08,50.28
53.28,48.56,43.35
12.8,58.03,62.58
52.62,29,42.36
52.54,30.44,41.18
19.87,72.26,36.31
44.72,57.86,84.89
56.45,53.42,59.85
48.82,35.83,49.7
16.61,63.27,18.99
55.41,28.62,59.79
71.4,30.07,43.36
50.28,50.3,36.32
52.9,37.77,66.58
47.91,52.85,31.56
40.98,38.56,69.24
47.56,39.06,39.11
53.44,33.81,64.33
54.21,45.64,55
60.54,65.67,75.69
29.51,31.31,54.47
31.69,66.92,64.25
42.39,68.2,46.75
57.93,23.37,30.81
37.95,55.29,59.07
51.69,44.78,60.37
38.33,31.38,54.74
46.69,62.55,69.53
39.63,74.11,57.74
59.91,42.11,58.85
32.85,46.32,41.24
43.84,50.64,57.98
89,62.93,33.2
40.7,48.42,66.46
37.85,42.74,50.71
45.93,49.67,42.61
61.32,63.96,44.44
30.74,35.76,55.02
41.74,51.44,47.78
41.72,53.34,49.75
26.84,39.54,63.76
39.46,34.68,32.64
83.62,30.82,53.26
32.62,54.72,71.73
39.92,34.99,21.48
45.52,40.19,43.72
70.48,15.56,64.94
26.92,35.35,32.28
46.26,59.19,47.32
43.73,43.84,68.33
39.37,49.65,49.1
40.91,44.42,59.8
36.77,44.02,46.16
51.33,47.78,22.17
51.88,51.85,38.94
58.04,61.89,5.76
46.95,78.59,65.16
53.67,41.27,19.72
50.07,34.51,60.13
31.36,19.23,59.45
59.64,65.24,43.76
60.26,42.16,96.16
55.26,30.54,17.05
60.74,38,64.78
39.26,50.83,61.18
74.92,40.69,45.62
41.99,47.01,51.47
42.78,56.3,46.33
55.69,57.04,48.17
54.04,49.79,53.35
41.02,62.12,74.06
34.73,68.4,38.75
44.06,40.01,32.74
46.62,29.06,60.66
43.39,37.44,49.95
61.03,43.13,83.58
35.29,45.38,75.66
95.09,32.71,59.05
50.56,56.59,34.36
34.78,48.41,67.8
51.89,36.77,55.85
42.03,53.12,32.6
37.48,33.13,57.69
30.33,20.92,53.36
29.82,52.33,44.97
45.49,37.48,40.63
17.48,37.04,37.3
42.12,55.13,58.51
52.09,51.72,18.37
54.7,35.13,35.05
49.79,32.8,46.83
29.58,68.02,64
41.58,52.8,19.4
46.06,66.64,55.72
13.07,26.66,36.14
32.44,26.25,62.23
24.32,34.67,61.76
58.64,45.72,55.51
55.8,53.15,45.44
47.85,40.25,72.14
42.93,50.43,51.62
67.39,43.61,46.01
64.21,36.44,68.28
39.39,47.08,35
38.93,26.99,38.01
21.24,57.94,38.97
32.16,45.88,62.91
45.43,85.52,61.9
55.29,28.73,36.6
58.89,51.35,53.32
62.97,51.07,52.38
65.14,50.92,26.22
31.13,34.94,43.67
39.89,37.48,60.96
28.1,47.13,38.62
44.23,59.62,40.8
51.12,51.61,31.21
45.45,75.34,25.15
53.86,61.9,53.76
36.5,59.5,42.24
66.53,52.96,37.23
30.75,51.09,60.41
55.59,60.89,25.67
27.82,28.8,30.21
67.98,39.65,40.96
34.7,61.05,54.67
39.65,60.86,63.24
48.23,39.61,38.2
51.18,56.6,31.85
73.98,34.97,49.62
64.58,38.45,53.11
47.02,32.97,26.2
27.28,41.74,23.23
54.12,49.72,47.2
79.55,51.34,76.24
51.38,40.63,42.85
62.12,79.54,47.84
50.07,22.46,68.57
53.12,43.82,40.19
42.55,50.26,52.18
28.56,70.49,58.57
44.04,39.82,72.44
38.91,49.86,68.44
60.21,36.72,23.59
31.33,50.54,33.12
35.22,38.65,48.08
40.66,43.33,50.58
52.2,51.14,56.44
46.51,50.93,54.89
44.38,44.57,40.52
61.26,61.88,56.53
6.05,45.5,31.66
48.63,37.25,4.78
42.94,51.61,66.85
48.17,46.49,53.46
39.43,59.54,38.86
49.52,59.61,48.86
38.94,43.44,57.11
53.48,38.23,52.66
41.51,27.4,45.28
42.3,44.98,45.67
86.5,54.82,50.2
42.34,52.71,29.05
53.84,66.75,52.34
53.24,43.69,58.42
37.46,53.07,42.09
49.51,45.57,56.22
36.96,62.32,47.12
58.98,46.47,60.74
48.58,58.6,46.13
35.73,28.98,57.29
54.83,44.85,47.85
56.29,32.98,56.17
35.13,38.02,74.37
40.79,72.56,40.22
54.23,65.27,52.9
71.97,68.27,52.25
27.22,56.04,43.96
14.28,50.17,56.71
51.23,87.45,51.99
58.05,18.25,43.65
39.39,27.59,36.07
25.08,38.85,72.95
45.16,27.56,26.89
44,55.42,40.45
71.48,56.63,52.46
56.79,33.17,71.87
37.82,35.56,69.53
53.3,38.36,36.93
35.85,47.01,49.81
46.6,25.61,29.92
33.93,22.61,54.16
73.79,39.7,32.55
54.12,47.33,30.08
59.79,32.98,68.87
49.78,45.84,49.76
24.21,56.2,59.13
56.83,35.81,35.17
31.28,47.4,48.64
56.02,49.25,51.96
54.5,19.47,38.16
51.32,46.98,48.97
19.52,35.38,39.6
56.89,53.97,56.65
62.89,46.08,52.53
44.19,51.04,78.59
44.04,51.9,19.59
43.36,45.83,41.8
12.37,55.53,62.72
6,52.88,63.37
41.28,32.97,46.64
51.89,53.8,62.68
29.71,50.27,35.41
38.72,52.07,55.85
53.8,22.86,51.92
14.58,33.99,66.05
49.39,27.67,46.39
39.27,52.58,51.89
27.88,39.84,51.42
86.6,17.16,30.73
68.65,44.39,46.36
35.54,39.93,29.64
52.22,50,34.01
46.6,64.99,65.21
46.29,44.55,28.08
23.36,50.82,34.69
33.04,47,55.81
40.17,68.51,35.62
38.92,49.62,53.11
36.09,26.79,40.68
54.13,19.37,44.4
41.33,70.39,50.52
50.82,49.6,63.25
42.17,59.23,51.26
64.38,41.2,57.7
63.13,54.89,56.87
39.09,20.92,43.94
33.29,46.33,59.19
42.04,68.9,37.55
31.44,41.36,51.69
25.22,44.18,44.01
59.51,28.65,26.26
62.99,31.9,28.15
16.78,65.43,38.92
29.65,49.52,51.48
61.38,38.24,79.29
50.49,67.84,48.8
48.18,53.11,39.34
83.93,44.46,36.42
76.03,40.05,52.04
55.87,36.91,61.17
22.69,62,67.53
29.69,53.09,41.92
50.01,44.08,63.86
30.73,51.14,24.8
40.51,38.47,43.67
56.74,66.71,28.7
45.87,36.77,51.38
44.67,37.97,67.71
50.43,37.42,71.12
56.4,61.64,45.86
24.03,30.7,21.66
57.56,54.96,52
41.6,66.76,66.24
44.05,35.89,65.97
43.2,39.84,49.01
35.37,57.66,55.5
43.25,29.93,50.76
41.5,51.31,39.73
49.35,8.54,65.64
42.72,31.39,60.62
31.02,62.38,35.57
41.26,50.25,61.47
47.85,56.3,48.57
17.76,59.36,34.36
31.4,46.38,53.09
26.9,46.14,38.73
69.07,60.8,51.71
48.97,37.3,65.65
32.98,36.79,47.81
41.91,50.42,62.35
75.58,60.93,36.61
40.83,44.79,73.57
37.84,42.15,40.34
42.51,56.88,38.17
69.24,50.88,32.87
67.31,42.77,34.94
43.99,57.64,40.89
27.23,21.18,51.63
36.19,39.09,49
64.45,53.03,44.74
50.6,68.8,60.05
34.3,36.94,48.03
18.28,47.08,68.3
16.67,40.22,37.23
24.47,35.96,46.36
37.01,41.03,51.28
48.75,43.3,59.97
25.4,57.97,72.56
52.37,40.15,36.12
37.62,61.01,46.17
55.16,58.33,36.48
45.89,52.36,46.43
45.86,31.57,11.97
27.37,24.15,76.23
39.19,39.36,69.74
19.13,44.34,35.99
45.76,23.58,26.53
57.06,52.61,23.41
40.67,55.65,65.03
33.45,62.19,37.98
26.45,60.97,42.2
44.89,53.59,63.3
19.34,51.52,49.12
15.66,53.11,71.44
34.11,32.02,33.8
30.62,32.24,49.7
45.75,45.3,54.44
36.75,60.13,37.79
49.61,61.28,37.81
38.12,36.4,50.99
43.75,57.26,58.42
35.84,45.14,56.48
47.52,45.21,27.89
24.09,54.77,32.08
44.28,48.51,66.23
52.93,58.77,37.05
69.49,50.13,60.17
22.99,36.3,52.94
41.36,60.02,21
67.4,62.27,66.26
52.5,28.62,58.06
46.7,52.71,42.88
27.5,64.59,43.73
31.25,71.64,54.79
38.88,36.93,57.86
34.36,41.03,60.72
39.31,28.37,44.21
53.5,31.19,31.86
51.63,41.59,68.8
63.7,59.04,46.75
31.54,47.75,46.86
67.07,33.72,56.3
63.72,52.62,59.64
33.91,38.07,42.7
53.12,39.5,41.73
43.95,21.55,67.09
40.19,47.83,46.15
36.43,48.41,44.58
36.64,58.72,58.43
43.17,67.76,44.54
41.14,33.42,50.23
66.45,49.57,46.46
45.78,50.51,65.74
53.84,52.63,35.61
53.65,23.99,31.09
62.05,61.54,47.89
26.12,16.25,65.44
19.96,55.69,59.05
22.73,46.55,49.22
63.8,73.98,28.6
63.77,30.54,56.11
66.95,14.98,19.87
60.84,39.64,44.98
14.38,42.66,33.94
52.96,39.64,52.61
24.3,42.94,52.77
42.88,56.83,50.7
73.47,46.42,41.18
50.38,32.07,51.9
45.91,58.2,49.09
50.61,45.98,72.84
28.74,40.48,53.79
48.18,31.97,38.07
18.76,50.16,38.68
51.99,50.26,55.49
31.76,51.54,33.43
52.49,45.66,69.94
55.7,49.36,53.87
49.1,48.01,68.28
48.13,54.99,34.95
48.11,40.43,49.63
20.72,55.27,29.93
77.61,56.17,52.68
61.23,39.9,60.75
37.65,50.42,51.52
75.59,68.55,49.34
53.57,52.75,67.83
44.95,49.88,29.48
65.18,37.4,50.46
50.03,50.92,61.16
35.95,64.35,79.3
53.42,63.08,50.48
50.52,51.15,58.16
32.7,31.72,48.05
62.56,63.55,24.28
34.97,50.77,25.76
64.56,14.59,36.76
29.85,45.66,31.59
56.43,28.12,45.66
35.82,41.26,62.44
31.8,53.18,49.57
40.57,42.27,67.5
49.94,28.84,51.98
37.9,57.37,66.61
59.96,27.99,24.01
38.78,96.29,34.23
41.77,39.23,43.21
74.86,24.51,70.53
59.95,35.95,57.25
43.74,39.02,41.15
47.63,46.49,64.51
31.89,56.83,41.9
26.25,61.5,35.79
63.13,42.88,61.58
57.72,31.05,41.45
62.5,51.89,42.11
50.76,37.85,40.6
20.14,10.42,55.83
13.25,59.2,33.36
41.38,45.29,25.65
27.02,51.66,26.1
13.28,36.61,52.41
58.39,36.89,58.37
28.71,56.61,24.16
51,27.06,37.23
20.39,51.82,44.29
37.56,51.89,70.03
29.13,25.8,80.78
49.46,9.9,49.16
28.69,33.75,58.2
47.54,33.98,49.91
59.96,53.66,66.16
83.46,53.31,45.66
43.32,58.26,27.87
37.16,34.64,42.36
61.03,31.2,51.81
63.51,47.47,56.84
39.52,59.83,46.77
23.36,52.29,34.63
70.61,41.86,65.84
38.99,34.11,52.7
33.77,45.57,47.99
34.85,47.13,29.49
36.04,35.34,39.98
46.66,63.45,39.12
58.33,47.38,21.83
34.33,49.65,31.09
51.64,49.03,41.04
55.24,0.45,47.16
50.17,47.57,32.42
0.73,48.91,49.23
35.49,65.05,42.34
28.2,51.42,49.69
55.81,50.82,56.12
19.95,77.07,34.74
37.79,31.77,41.34
56.12,21.5,36.62
39.11,32.88,34.46
34.52,19.94,40.81
32.52,52.14,46.15
39.51,37.11,58.79
46.74,53.11,72.79
49.98,54.55,26.73
30.63,61.82,53.3
50.95,29.07,45.29
60.27,52.74,45.03
37.74,53.03,58.72
40.34,25.74,54.24
62.05,61.58,32.93
28.42,48.81,45.94
42.67,52.76,53.42
74.06,28.7,61.57
41.59,30.4,43.89
43.33,41.2,29.61
31.2,24.26,57.19
60.06,37.92,43.88
41.79,72.24,54.43
49.86,44.31,58.85
13.41,41.76,61.43
62.56,40.98,60.47
52.59,47.21,33.54
42.63,35.27,34.88
36.22,47.7,33.64
20.75,41.21,30.66
26.5,55.1,62.35
40.19,45.66,41.67
39.17,50.31,69.89
68.7,36.22,52.1
60.54,52.58,31.28
53.8,22.88,46.96
81.78,39.09,72.44
38.24,55.02,55.33
46.71,53.37,50.97
53.42,51.62,57.64
61.85,42.41,35.52
74.28,53.79,66.05
21.68,38.82,30.52
18.86,64.88,50.75
67.22,34.49,50.75
66.7,29.75,54.48
50.54,60.23,25.1
49.13,55.07,28.38
58.88,26.71,68.44
49.86,45.81,39.91
45.88,44.43,82.56
33.23,67.82,57.94
46.89,56.44,55.07
31.14,34.04,33.61
37.09,26.61,48.42
81.51,51.09,53.9
57.68,29.02,56.82
37.47,77.51,27.15
41.63,35.19,42.53
57.75,49.75,69.84
48.02,29.11,67.39
36.92,22.57,23.14
32.96,83.19,62.28
65.24,23.82,46.52
68.23,33.05,54.96
46.38,28.34,43.37
31.08,56.12,44.9
61.18,57.14,33.74
49.57,37.27,70.1
28.68,44.24,10.43
71.93,31.82,64.41
64.75,34.74,80.08
55.86,44.57,63.09
46.69,59.34,58.18
15.54,22.3,29.84
61.47,55.78,46.68
54.5,42.35,56.48
27.65,38.75,25.16
36,56.77,57.68
47.87,70.45,46.82
41.43,68.55,30.99
52.55,23.26,65.47
57.53,54.12,21.07
47.98,21.34,42.67
68.78,37.7,46
85.1,65.23,60.96
36.19,41.6,42.47
35.54,66.88,36.51
40.49,41.3,60.15
37.33,39.06,46.59
62.19,44.21,64.13
34.62,30.67,62.6
31.55,59.09,39.16
52.65,55.12,44.73
40.95,64.82,55.55
16.46,67.87,36.81
24.06,46.18,60.72
47.39,53.92,33.18
31.6,46.92,48.52
55.76,22.01,38.27
40.11,23.85,23.49
54.38,64.35,59.03
33.3,18.19,38.64
2.14,24.84,32.66
42.16,54.72,59.33
41.17,66.66,35.96
54.37,21.88,48.79
50.29,56.22,34.3
35.06,47.13,58.08
68.46,42.41,66.05
64.54,48.96,57.46
40.36,39.01,56.25
40.67,38.31,41.68
47.6,29.37,66.24
50.57,30.82,22.97
63.1,51.52,57.14
28.5,42.55,43.64
56.94,66.73,56.92
42.58,53.03,54.76
49.06,45.25,32.32
47.9,53.38,40.2
32.54,54.5,63.24
55.14,67.6,58.38
38.1,63.56,55.42
48.49,27.52,35.35
41.87,47.72,60.56
15.07,35.28,56.33
39.23,43.98,63.93
46.7,71.45,47.11
22.18,49.62,47.42
41.93,41.77,45.11
39.98,33.07,59.79
51.62,44.93,27.69
38.2,52.34,17.53
48.99,63.93,40.04
18.12,64.56,42.18
32.5,23.35,31.67
40.75,45.02,55.69
49.29,54.32,54.25
51.34,52.66,66.74
40.4,54.77,36.94
43.61,52.81,17.08
47.77,20.37,51.24
50.99,54.05,74.03
32.78,59.57,51.05
38.87,38.21,53.62
49.77,24.45,36.79
51.46,55.61,38.21
39.58,66.89,62.85
76.56,47.18,36.23
64.9,58.24,46.92
17.51,37.79,56.31
62.96,44.35,18.52
57.52,49.17,37.15
48.67,35.08,64.46
61.28,49.51,40.41
31.61,60.29,47.45
48.75,54.18,58.59
49.82,39.83,27.93
41.32,45.37,51.7
45.49,59.42,25.5
29.84,55.21,35.45
51.64,54.98,47.86
29.26,83.9,46.56
53.37,48.47,41.97
24.07,44.82,33.76
33.49,25.56,82.54
35.89,66.24,30.39
62.72,35.08,39.59
42.18,45.6,56.56
37.06,45.23,52.79
43.34,47.24,34.11
42.65,43.33,39.37
41.07,35.38,38.65
33.96,50.44,55.02
38.7,45.43,61.27
53.66,49.43,54.39
30.3,58.1,65.28
49.19,43.64,52.6
54.74,32.85,28.63
37.56,55.23,35.4
59,49.29,37.45
47.48,40.29,42.42
64.25,31.38,52.86
47.51,56.65,62.65
32.03,56.93,29.55
46.4,22.3,30.25
38.66,47.13,61.9
43.45,70.52,66.28
43.69,29.24,44.43
31.06,38.32,61.69
37.87,38.4,43.25
26.04,74.44,50.48
25.21,47.95,74.09
40.78,57.2,61.53
35.41,27.29,23.41
32.04,43.02,52.38
74.26,32.47,61.67
32.04,41.4,53.61
53.5,64.15,25.91
57.95,52.29,33.53
43.71,18.9,65.05
49.71,43.41,61.98
54.39,45.31,35.16
59.54,81.3,59.82
50.62,30.87,35.14
32.77,35.49,22.52
38.31,33.03,61.86
34.3,46.71,34.79
-7.08,49.84,60.44
44.33,53.35,62.55
46.19,42.82,54.65
80.17,38.05,57.75
33.25,36.53,65.59
48.04,41.34,56.05
57.29,47.97,42.9
75.49,35.35,55.6
59.81,28.78,35.1
35.81,38.81,68.25
31.67,48.21,62.05
57.78,38.91,29.88
46.66,37.15,35.43
55.92,21.15,45.16
23.35,57.38,55.58
28.44,67.46,48.78
57.96,39.96,50.28
55.95,63.15,34.68
47.83,36.07,35.63
30.89,42.73,52.32
55.03,40.51,49.1
47.14,50.78,54.12
56.31,17.97,66.78
47.77,55.64,47.38
39.56,42.11,47.4
42.76,43.18,52.93
52.85,61.29,40.46
27.4,39.4,63.24
58.57,33.85,25.19
53.9,41.44,50.3
46.5,46.06,25.95
53.69,54.54,68.4
66.26,50.51,44.55
50.17,51.92,35.61
68.57,36.85,74.15
31.69,22.45,40.35
37.85,58.81,48.54
50.14,53.05,50.75
46.21,40.47,39.1
56.46,53.06,46.01
32.85,15.21,33
33.29,53.16,53.66
54.43,56.93,56.71
38.37,43.71,34.85
47.62,42.7,58.5
42.18,75.57,56.15
60.67,61.21,56.37
70.79,46.55,38.17
47.84,21.48,68.77
64.3,48.07,50.65
54.43,24.35,64.26
47.48,40.47,40.98
72.41,50.99,27.61
65.7,50.88,20.27
10.07,41.91,52.76
41.36,50.4,16.3
62.01,41.31,35.93
57.11,47.51,51.71
55.03,32.97,56.25
35.91,61.86,68.59
60.72,53.07,35.56
35.59,27.81,58.58
50.24,62.32,16.79
59.69,51.9,59.09
54.78,39.94,45.15
15.94,50.47,31.89
44.59,45.39,57
28.96,73.77,40.06
3.61,52.39,54.37
37.34,37.89,43.71
52.56,76.58,70.26
36.22,44.5,52.57
39.46,68.07,31.92
25.21,42.62,46.31
39.08,42.53,49.92
37.13,45.54,47.3
65.64,7.7,18.05
32.43,57.55,56.13
36.82,25.33,50.55
62.79,43.58,64.18
42.08,48.42,56.53
60.4,35.28,37.94
46.22,57.24,52.47
50,46.64,47.64
73.13,44.25,42.76
44.21,69.78,58.94
37.3,65.34,39.18
56.31,40,34.14
33.52,60.32,43.14
42.68,55.2,43.54
51.55,36.5,64.02
25.59,39.85,82.52
51.07,36.78,48.17
48.75,23.77,59.8
75.54,55.92,52.86
54.73,45.12,81.96
45.77,44.89,58.56
22.56,55.67,34.81
14.93,45.71,45.48
46.97,52.63,50.6
55.25,30.35,42.46
22.89,37.63,54.42
47.84,64.78,37.8
28.91,53.12,64.33
38.91,24.74,51.62
54.38,48.35,29.42
38.28,41.92,53.54
55.29,26.19,47.45
26.53,46.03,43.15
28.19,71.62,54.65
26.78,34.07,49.1
31.52,44,39.77
48.52,34.8,33.83
58.59,32.57,53.39
39.07,29.19,53.53
35.44,20.5,32.89
31.2,45.97,20.42
54.54,67,64.28
40.51,55.16,32.5
46.66,26.81,53.57
40.69,46.05,56.73
46.57,42,59.47
39.98,36.17,53.57
50.27,36.46,67.49
31.67,41.03,38.03
27.43,52.85,57.08
44.82,44.49,42.76
35.81,44.01,33.91
24.98,57.54,66.58
59.33,35.86,30.71
47.42,62.6,51.36
36.02,60.3,53.36
55.2,44.01,58.48
36.46,49.32,77.12
42.06,42.2,47.54
57.85,43.9,68.28
46.31,40.38,46.16
70.39,42.34,42.66
60.34,29.63,58.95
61.51,69.67,61.1
67.55,24.63,62.63
40.78,48.75,57.13
50.02,51.14,31.19
32.62,24.44,80.36
51.04,34.04,48.39
32.88,49.61,30.95
44.69,30.17,57.22
37.78,19.17,45.34
70.64,65.5,35.61
32.23,48.04,41.66
86.1,39.91,54.71
44.1,56.44,76.05
40.69,58.74,49.57
55.74,59.51,39.78
13,63.71,40.77
46.97,63.23,73.91
26.77,35.54,84.87
42.88,67.74,40.71
73.11,20.29,49.69
52.24,65.37,46.17
67.61,52.7,52.33
43.48,31.01,49.74
38.35,46.42,67.1
60.05,56.5,66.02
50.17,34.14,43.8
40.75,33,36.93
26.12,53.07,31.62
51.58,19.52,40.62
36.79,42.62,48.65
2.5,52.52,62.63
44.65,32.17,61.86
29.39,40.79,46
42.89,51.78,41.56
29.2,43.38,63.03
35.47,63.43,67.05
58.16,29.36,57.92
27.39,38.82,34.5
59.39,43.17,68.68
49.87,21.3,48.25
58.37,42.15,52.36
29.16,44.5,59.01
27.33,39.1,52.39
38.88,78.51,76.41
64.55,40.79,42.61
26.83,27.2,49.01
61.18,56.56,61.06
64.51,62.98,24.87
41.36,65.48,80.59
30.66,37.34,20.15
55.08,38.86,52.95
49.35,50.07,32.87
30.34,48.9,53.41
73.39,26.97,33.22
44.84,48.26,10.17
51.55,50.49,60.84
19.03,31.8,60.96
51.52,61.87,47.88
31.34,68.01,47.92
34.94,46.54,63.31
42.47,25.17,27.17
22.77,83.63,70.41
86.82,50.95,46.95
56.22,59.7,54.38
28.2,27.48,52.54
54.5,46.6,47.32
14.85,34.68,30.41
28.52,20.31,39.56
26.98,57.18,57.63
48.38,43.45,46.15
48.15,28.52,52.82
33.19,55.95,57.66
39.9,61.85,51.3
69.12,44.55,33.43
30.31,46.39,50.47
30,68.02,57.19
42.36,59.96,18.67
43.98,63.95,45.28
41.6,59.4,40.56
45.23,62.27,65.63
25.58,29.71,65.49
25.99,45.59,45.37
58.38,55.39,44.3
24.6,32.77,70.5
73.22,49.53,35.32
43.95,57,39.84
40.04,45.48,57.18
62,63.87,27.7
45.66,26.17,42.05
56.9,27.38,50.15
41.2,36.2,64.23
57.92,49.01,43.74
60.59,68.13,54.06
48.96,56.88,69.12
39.04,57.54,40.46
37.79,43.01,44.2
45.08,34.47,54.48
53.15,73.2,28.35
24.37,53.43,33.68
70.09,23.88,18.53
58.38,30.93,33.14
25.75,43.35,36.5
33.84,47.08,45.77
46.03,76.67,76.11
59.6,42.44,41.46
62.77,60.75,33.39
57.8,58.53,66.42
44.11,57.39,25.81
36.8,49.12,56.77
36.33,50.33,41.99
38.35,60.72,55.84
35.03,41.62,67.06
26.94,61.7,48.26
58.73,49.01,27.36
23.61,51.57,65.99
8.64,21.82,42.96
35.96,44.93,39.89
24.28,58.16,59.13
60.16,34.64,53.21
42.78,66.4,51.89
35.97,62.33,71.62
46.83,49.5,29.97
59.56,72.72,29.28
66.05,23.41,37.32
50.47,42.95,77.72
60.43,51.64,39.77
27.22,84.91,47.13
59.92,39.66,47.2
60.75,64.95,49.56
58.55,57.38,30.88
6.24,52.11,37.09
46.84,45.01,43.14
43.32,39.38,52.24
58.09,73.64,54.33
55.06,37.82,52.22
27.93,46.31,67.8
48.85,41.42,43.17
31.43,86.7,45.94
22.31,37.91,49.42
41.35,32.97,41.1
33.35,38.2,52.59
26.36,24.23,50.12
52.33,88.84,44.56
45.99,91.6,87.27
37.7,40.9,51.96
53.18,26.18,37.25
32.01,41.07,71.22
20.51,72.83,39.76
45.7,42.92,35.04
59.04,43.55,50.87
28.86,42.68,46.89
43.74,38.43,27.56
60.76,31.52,51.29
49.12,34.1,47.13
40.01,49.01,65.6
46,37.4,65.68
53.97,63.05,46.77
53.25,45.65,55.32
65.87,37.5,39.69
58.58,59.74,69.64
26.1,39.84,30.71
69.56,34.99,34.73
66.45,79.1,17.38
36.96,52.61,32.99
84.68,63.67,37.18
44.99,25.6,68.43
25.99,57.04,50.31
40.08,56.04,48.19
15.89,49.13,51.7
26.92,66.12,59.95
54.2,46.86,56.85
43.39,42.45,18.07
42.75,65.89,53.37
34.44,41.15,50.04
48.53,44.88,53.34
58.92,36.86,58.85
51.35,34.81,65.17
53.21,23.96,51.69
47.25,23.29,47.66
53.91,48.72,46.88
36.15,61.75,57.84
34.83,47.75,79.9
42.63,45.08,64.05
41.6,44.62,60.21
22.26,58.89,41.61
45.21,70.85,22.56
26.34,42.79,31.24
39.97,65.46,45.24
34.37,44.4,36.56
27.42,27.62,55.65
41.73,53.42,70.77
44.03,16.94,40.47
63.09,33.9,56.47
78.67,32.93,48.79
69.28,41.35,76.49
40.59,55.94,51.36
61.4,48.01,54.43
81.17,51.71,68.93
46.69,50.88,76.08
40.54,56.21,46.63
64.45,43.7,54.5
43.23,41.58,46.5
44.16,36.14,14.99
24.54,54.98,33.82
21.31,8.03,50.22
47.57,44.92,32.54
29.5,42.48,57.32
51.85,19.93,53.76
34.09,57.48,44.79
47.83,49.23,43.92
64.26,31.48,56.12
36.34,37.08,34.05
49.64,68.1,47.12
54.62,49.01,56.84
37.09,63.62,37.82
55.04,34.42,66.36
57.31,72.92,29.89
74.72,20.74,35.99
19.88,19.49,44.87
42.54,48.46,64.15
34.33,26.31,51.35
55.01,53.74,58.95
64.05,49.38,34.56
45.46,65.52,52.13
38.49,35.1,50.31
65.93,69.15,49.69
13.59,53.82,62.3
36.27,60.88,68.84
34.13,42.54,71.56
40.49,55.57,33.56
49.95,33.78,46.32
50.65,47.61,63.57
32.73,23.65,36.25
29.8,30.65,59.06
52.85,26.91,51.07
34.01,58.53,64.83
50.11,41.65,64.36
43.83,49.78,29.96
49.42,79.73,74.04
64.32,50.73,55.73
64.79,48.96,54.29
42,47.53,45.4
29.24,46.71,51.21
38.21,43.63,46.43
39.53,50.03,57.38
46.31,64.95,40.13
28.47,37.92,47.58
57.75,52.7,55.53
32.31,64.48,53.25
37.77,49.89,30.23
52.28,65.53,73.18
22.08,58.32,68.48
43.58,62.13,48.83
60.97,45.74,62.34
48,39.65,61.09
29.4,34.28,34.66
39.82,45.87,44.61
33.63,55.52,61.67
44.88,39.82,47.99
80.32,36.07,26.76
47.28,38.97,40.74
53.2,58.77,44.03
37.24,53.77,30.28
25.47,41.19,72.16
64.15,54.47,53.22
42.01,52.78,34.24
47.11,15.22,45.1
54.95,14.13,63.31
40.67,46.11,69.19
57.16,32.15,44.71
37.79,39.34,23.64
55.05,77.55,68.15
48.46,44.45,40.15
49.27,32.63,60.8
31.6,36.77,57.99
58.11,19.69,57.94
24.54,49.43,50.5
59.68,32.64,55.57
55.95,50.45,83.74
39.29,56.82,61.24
61.54,42.82,43.77
49.02,45.77,43.59
40.22,17.9,46.26
56.49,37.03,49.44
61.49,83.49,38.52
36.97,35.05,42.14
42.16,47.13,33.52
57.17,46.85,61.63
41.45,54.31,36.41
49.5,54.42,62.18
32.14,61.84,65.32
39.31,48.25,26.85
56,43.06,45.8
44.16,72.78,54.9
44.33,47.76,44.91
8.29,45.75,30.96
47.37,60.38,56.19
47.48,46.04,30.05
23,36.56,56.77
57.52,53.86,43.77
37.86,30.78,37.21
34.46,34.61,43.4
43.04,32.61,27.53
41.11,30.64,57.76
48.47,52.22,40.32
30.9,53.29,41.2
12.23,36.03,47.38
35.2,66.7,59.24
60.53,61.64,50.63
35.42,16.1,32.14
26.82,31.56,60.15
57.42,48.47,58.04
34.31,57.81,54.25
37.26,51.11,59.61
74.14,34.63,37.97
39.47,42.97,62.14
23.74,39.96,66.37
41.4,23.22,58.95
53.53,51.74,69.94
41.97,39.37,45.18
60.76,67.42,49.98
55.56,25.44,51.12
25.75,55.18,46.89
42.15,33.92,38.69
57.35,38.72,33.71
34.65,16.83,44.96
50.26,29.57,48.05
45.3,45.21,19.01
31.02,39.44,46.12
53.9,39.28,57.06
62.71,58.2,58.85
11.58,40.55,44.7
50.88,9.2,45.78
